timestamp,typeK_C,rtd1_C,rtd2_C
2026-04-12 17:51:31,44.00,25.37,31.76
2026-04-12 17:51:31,44.00,25.33,31.72
2026-04-12 17:51:32,44.00,25.30,31.72
2026-04-12 17:51:33,44.00,25.33,31.69
2026-04-12 17:51:33,44.00,25.33,31.69
2026-04-12 17:51:34,44.00,25.30,31.72
2026-04-12 17:51:35,44.00,25.37,31.69
2026-04-12 17:51:35,44.00,25.33,31.69
2026-04-12 17:51:36,44.00,25.33,31.72
2026-04-12 17:51:37,44.00,25.33,31.69
2026-04-12 17:51:37,44.00,25.33,31.69
2026-04-12 17:51:38,44.00,25.33,31.66
2026-04-12 17:51:39,44.00,25.30,31.69
2026-04-12 17:51:39,44.00,25.30,31.69
2026-04-12 17:51:40,44.00,25.33,31.69
2026-04-12 17:51:41,43.75,25.30,31.69
2026-04-12 17:51:41,43.75,25.33,31.66
2026-04-12 17:51:42,43.75,25.33,31.69
2026-04-12 17:51:43,43.75,25.33,31.66
2026-04-12 17:51:43,43.75,25.33,31.66
2026-04-12 17:51:44,43.75,25.33,31.66
2026-04-12 17:51:44,43.75,25.33,31.66
2026-04-12 17:51:45,43.75,25.33,31.62
2026-04-12 17:51:46,43.75,25.33,31.62
2026-04-12 17:51:46,43.75,25.33,31.62
2026-04-12 17:51:47,43.75,25.30,31.62
2026-04-12 17:51:48,43.75,25.37,31.62
2026-04-12 17:51:48,43.75,25.30,31.62
2026-04-12 17:51:49,43.75,25.33,31.66
2026-04-12 17:51:50,43.75,25.37,31.62
2026-04-12 17:51:50,43.75,25.33,31.62
2026-04-12 17:51:51,43.75,25.33,31.62
2026-04-12 17:51:52,43.75,25.30,31.59
2026-04-12 17:51:52,43.75,25.33,31.62
2026-04-12 17:51:53,43.75,25.37,31.62
2026-04-12 17:51:54,43.75,25.33,31.59
2026-04-12 17:51:54,43.75,25.30,31.59
2026-04-12 17:51:55,43.50,25.33,31.59
2026-04-12 17:51:56,43.50,25.30,31.59
2026-04-12 17:51:56,43.75,25.33,31.59
2026-04-12 17:51:57,43.75,25.33,31.59
2026-04-12 17:51:58,43.50,25.37,31.59
2026-04-12 17:51:58,43.50,25.30,31.59
2026-04-12 17:51:59,43.50,25.33,31.59
2026-04-12 17:52:00,43.50,25.33,31.55
2026-04-12 17:52:00,43.50,25.30,31.55
2026-04-12 17:52:01,43.50,25.30,31.55
2026-04-12 17:52:02,43.50,25.33,31.55
2026-04-12 17:52:02,43.50,25.30,31.52
2026-04-12 17:52:03,43.50,25.33,31.52
2026-04-12 17:52:04,43.50,25.30,31.52
2026-04-12 17:52:04,43.50,25.33,31.52
2026-04-12 17:52:05,43.50,25.33,31.52
2026-04-12 17:52:06,43.50,25.30,31.52
2026-04-12 17:52:06,43.50,25.30,31.49
2026-04-12 17:52:07,43.50,25.33,31.52
2026-04-12 17:52:07,43.50,25.33,31.52
2026-04-12 17:52:08,43.50,25.30,31.49
2026-04-12 17:52:09,43.50,25.30,31.49
2026-04-12 17:52:09,43.50,25.33,31.49
2026-04-12 17:52:10,43.50,25.33,31.49
2026-04-12 17:52:11,43.50,25.33,31.49
2026-04-12 17:52:11,43.50,25.30,31.49
2026-04-12 17:52:12,43.50,25.27,31.45
2026-04-12 17:52:13,43.50,25.30,31.49
2026-04-12 17:52:13,43.50,25.30,31.45
2026-04-12 17:52:14,43.50,25.30,31.49
2026-04-12 17:52:15,43.50,25.30,31.45
2026-04-12 17:52:15,43.50,25.33,31.45
2026-04-12 17:52:16,43.50,25.30,31.45
2026-04-12 17:52:17,43.50,25.30,31.45
2026-04-12 17:52:17,43.50,25.30,31.45
2026-04-12 17:52:18,43.50,25.30,31.49
2026-04-12 17:52:19,43.50,25.30,31.45
2026-04-12 17:52:19,43.50,25.30,31.45
2026-04-12 17:52:20,43.50,25.30,31.42
2026-04-12 17:52:21,43.50,25.30,31.42
2026-04-12 17:52:21,43.50,25.30,31.45
2026-04-12 17:52:22,43.50,25.33,31.38
2026-04-12 17:52:23,43.50,25.30,31.42
2026-04-12 17:52:23,43.50,25.33,31.42
2026-04-12 17:52:24,43.50,25.30,31.42
2026-04-12 17:52:25,43.50,25.27,31.38
2026-04-12 17:52:25,43.25,25.33,31.42
2026-04-12 17:52:26,43.25,25.30,31.38
2026-04-12 17:52:27,43.50,25.30,31.42
2026-04-12 17:52:27,43.25,25.30,31.38
2026-04-12 17:52:28,43.25,25.30,31.38
2026-04-12 17:52:29,43.25,25.30,31.38
2026-04-12 17:52:29,43.25,25.30,31.38
2026-04-12 17:52:30,43.25,25.30,31.35
2026-04-12 17:52:31,43.25,25.30,31.38
2026-04-12 17:52:31,43.25,25.30,31.35
2026-04-12 17:52:32,43.25,25.30,31.35
2026-04-12 17:52:33,43.25,25.30,31.32
2026-04-12 17:52:33,43.25,25.30,31.35
2026-04-12 17:52:34,43.25,25.27,31.35
2026-04-12 17:52:34,43.25,25.30,31.35
2026-04-12 17:52:35,43.25,25.30,31.35
2026-04-12 17:52:36,43.25,25.30,31.32
2026-04-12 17:52:36,43.25,25.27,31.35
2026-04-12 17:52:37,43.25,25.30,31.32
2026-04-12 17:52:38,43.25,25.30,31.32
2026-04-12 17:52:38,43.25,25.30,31.32
2026-04-12 17:52:39,43.25,25.30,31.28
2026-04-12 17:52:40,43.25,25.27,31.32
2026-04-12 17:52:40,43.25,25.30,31.28
2026-04-12 17:52:41,43.25,25.30,31.32
2026-04-12 17:52:42,43.25,25.27,31.32
2026-04-12 17:52:42,43.25,25.30,31.28
2026-04-12 17:52:43,43.25,25.27,31.32
2026-04-12 17:52:44,43.25,25.33,31.28
2026-04-12 17:52:44,43.25,25.27,31.28
2026-04-12 17:52:45,43.25,25.27,31.28
2026-04-12 17:52:46,43.25,25.30,31.25
2026-04-12 17:52:46,43.25,25.30,31.28
2026-04-12 17:52:47,43.25,25.30,31.28
2026-04-12 17:52:48,43.25,25.27,31.28
2026-04-12 17:52:48,43.25,25.30,31.25
2026-04-12 17:52:49,43.25,25.30,31.25
2026-04-12 17:52:50,43.00,25.27,31.25
2026-04-12 17:52:50,43.25,25.27,31.21
2026-04-12 17:52:51,43.25,25.30,31.25
2026-04-12 17:52:52,43.00,25.27,31.21
2026-04-12 17:52:52,43.00,25.27,31.25
2026-04-12 17:52:53,43.25,25.30,31.21
2026-04-12 17:52:54,43.00,25.27,31.18
2026-04-12 17:52:54,43.25,25.27,31.21
2026-04-12 17:52:55,43.00,25.23,31.21
2026-04-12 17:52:56,43.00,25.30,31.21
2026-04-12 17:52:56,43.00,25.30,31.21
2026-04-12 17:52:57,43.00,25.30,31.18
2026-04-12 17:52:57,43.00,25.27,31.21
2026-04-12 17:52:58,43.00,25.30,31.15
2026-04-12 17:52:59,43.00,25.27,31.21
2026-04-12 17:52:59,43.00,25.27,31.18
2026-04-12 17:53:00,43.00,25.30,31.21
2026-04-12 17:53:01,43.00,25.30,31.18
2026-04-12 17:53:01,43.00,25.27,31.21
2026-04-12 17:53:02,43.00,25.30,31.18
2026-04-12 17:53:03,43.00,25.27,31.15
2026-04-12 17:53:03,43.00,25.27,31.18
2026-04-12 17:53:04,43.00,25.23,31.18
2026-04-12 17:53:05,43.00,25.27,31.15
2026-04-12 17:53:05,43.00,25.27,31.15
2026-04-12 17:53:06,43.00,25.30,31.15
2026-04-12 17:53:07,43.00,25.27,31.11
2026-04-12 17:53:07,43.00,25.27,31.15
2026-04-12 17:53:08,43.00,25.27,31.11
2026-04-12 17:53:09,43.00,25.27,31.15
2026-04-12 17:53:09,43.00,25.27,31.15
2026-04-12 17:53:10,43.00,25.27,31.15
2026-04-12 17:53:11,43.00,25.27,31.11
2026-04-12 17:53:11,43.00,25.30,31.11
2026-04-12 17:53:12,43.00,25.27,31.08
2026-04-12 17:53:13,43.00,25.30,31.11
2026-04-12 17:53:13,43.00,25.27,31.11
2026-04-12 17:53:14,43.00,25.27,31.11
2026-04-12 17:53:15,43.00,25.27,31.11
2026-04-12 17:53:15,43.00,25.27,31.11
2026-04-12 17:53:16,43.00,25.27,31.08
2026-04-12 17:53:17,42.75,25.27,31.11
2026-04-12 17:53:17,42.75,25.27,31.08
2026-04-12 17:53:18,42.75,25.27,31.11
2026-04-12 17:53:19,43.00,25.27,31.08
2026-04-12 17:53:19,43.00,25.27,31.08
2026-04-12 17:53:20,42.75,25.27,31.05
2026-04-12 17:53:21,43.00,25.27,31.05
2026-04-12 17:53:21,42.75,25.23,31.05
2026-04-12 17:53:22,42.75,25.27,31.05
2026-04-12 17:53:23,42.75,25.27,31.08
2026-04-12 17:53:23,42.75,25.27,31.05
2026-04-12 17:53:24,42.75,25.30,31.05
2026-04-12 17:53:24,42.75,25.27,31.01
2026-04-12 17:53:25,42.75,25.23,31.01
2026-04-12 17:53:26,42.75,25.27,31.05
2026-04-12 17:53:26,42.75,25.27,31.05
2026-04-12 17:53:27,42.75,25.27,31.05
2026-04-12 17:53:28,42.75,25.23,31.01
2026-04-12 17:53:28,42.75,25.23,31.01
2026-04-12 17:53:29,42.75,25.27,31.01
2026-04-12 17:53:30,42.75,25.27,30.98
2026-04-12 17:53:30,42.75,25.23,30.98
2026-04-12 17:53:31,42.75,25.27,30.98
2026-04-12 17:53:32,42.75,25.27,31.01
2026-04-12 17:53:32,42.75,25.23,30.98
2026-04-12 17:53:33,42.75,25.27,30.98
2026-04-12 17:53:34,42.75,25.27,31.01
2026-04-12 17:53:34,42.75,25.27,30.98
2026-04-12 17:53:35,42.75,25.27,30.98
2026-04-12 17:53:36,42.75,25.27,30.98
2026-04-12 17:53:36,42.75,25.23,30.98
2026-04-12 17:53:37,42.75,25.27,30.98
2026-04-12 17:53:38,42.75,25.23,30.94
2026-04-12 17:53:38,42.75,25.27,30.98
2026-04-12 17:53:39,42.75,25.27,30.98
2026-04-12 17:53:40,42.75,25.27,30.98
2026-04-12 17:53:40,42.75,25.27,30.94
2026-04-12 17:53:41,42.50,25.27,30.98
2026-04-12 17:53:42,42.75,25.23,30.94
2026-04-12 17:53:42,42.75,25.23,30.94
2026-04-12 17:53:43,42.75,25.23,30.94
2026-04-12 17:53:44,42.75,25.23,30.94
2026-04-12 17:53:44,42.75,25.27,30.94
2026-04-12 17:53:45,42.75,25.27,30.91
2026-04-12 17:53:46,42.75,25.23,30.91
2026-04-12 17:53:46,42.75,25.27,30.91
2026-04-12 17:53:47,42.50,25.23,30.91
2026-04-12 17:53:47,42.50,25.23,30.91
2026-04-12 17:53:48,42.50,25.20,30.88
2026-04-12 17:53:49,42.50,25.23,30.91
2026-04-12 17:53:49,42.50,25.23,30.91
2026-04-12 17:53:50,42.50,25.23,30.91
2026-04-12 17:53:51,42.50,25.27,30.88
2026-04-12 17:53:51,42.50,25.23,30.88
2026-04-12 17:53:52,42.50,25.23,30.88
2026-04-12 17:53:53,42.50,25.27,30.91
2026-04-12 17:53:53,42.50,25.23,30.84
2026-04-12 17:53:54,42.50,25.27,30.88
2026-04-12 17:53:55,42.50,25.27,30.88
2026-04-12 17:53:55,42.50,25.23,30.88
2026-04-12 17:53:56,42.50,25.23,30.84
2026-04-12 17:53:57,42.50,25.20,30.88
2026-04-12 17:53:57,42.50,25.23,30.84
2026-04-12 17:53:58,42.50,25.23,30.84
2026-04-12 17:53:59,42.50,25.23,30.84
2026-04-12 17:53:59,42.50,25.20,30.84
2026-04-12 17:54:00,42.50,25.23,30.84
2026-04-12 17:54:01,42.50,25.23,30.84
2026-04-12 17:54:01,42.50,25.23,30.84
2026-04-12 17:54:02,42.50,25.23,30.84
2026-04-12 17:54:03,42.50,25.23,30.81
2026-04-12 17:54:03,42.50,25.23,30.81
2026-04-12 17:54:04,42.50,25.23,30.84
2026-04-12 17:54:05,42.50,25.20,30.81
2026-04-12 17:54:05,42.50,25.23,30.81
2026-04-12 17:54:06,42.50,25.23,30.81
2026-04-12 17:54:07,42.50,25.23,30.84
2026-04-12 17:54:07,42.50,25.23,30.77
2026-04-12 17:54:08,42.50,25.23,30.81
2026-04-12 17:54:09,42.50,25.23,30.77
2026-04-12 17:54:09,42.50,25.23,30.77
2026-04-12 17:54:10,42.50,25.23,30.77
2026-04-12 17:54:10,42.50,25.23,30.77
2026-04-12 17:54:11,42.50,25.20,30.77
2026-04-12 17:54:12,42.50,25.23,30.77
2026-04-12 17:54:12,42.50,25.23,30.77
2026-04-12 17:54:13,42.50,25.20,30.77
2026-04-12 17:54:14,42.25,25.20,30.74
2026-04-12 17:54:14,42.25,25.23,30.74
2026-04-12 17:54:15,42.25,25.23,30.74
2026-04-12 17:54:16,42.50,25.23,30.77
2026-04-12 17:54:16,42.50,25.23,30.74
2026-04-12 17:54:17,42.25,25.20,30.74
2026-04-12 17:54:18,42.50,25.23,30.71
2026-04-12 17:54:18,42.25,25.20,30.74
2026-04-12 17:54:19,42.25,25.23,30.71
2026-04-12 17:54:20,42.25,25.23,30.74
2026-04-12 17:54:20,42.25,25.20,30.74
2026-04-12 17:54:21,42.25,25.23,30.71
2026-04-12 17:54:22,42.25,25.23,30.71
2026-04-12 17:54:22,42.25,25.23,30.71
2026-04-12 17:54:23,42.25,25.23,30.67
2026-04-12 17:54:24,42.25,25.23,30.74
2026-04-12 17:54:24,42.25,25.20,30.67
2026-04-12 17:54:25,42.25,25.23,30.71
2026-04-12 17:54:26,42.25,25.20,30.71
2026-04-12 17:54:26,42.25,25.23,30.71
2026-04-12 17:54:27,42.25,25.23,30.71
2026-04-12 17:54:28,42.25,25.23,30.67
2026-04-12 17:54:28,42.25,25.23,30.71
2026-04-12 17:54:29,42.25,25.20,30.67
2026-04-12 17:54:30,42.25,25.20,30.67
2026-04-12 17:54:30,42.25,25.23,30.67
2026-04-12 17:54:31,42.25,25.20,30.67
2026-04-12 17:54:32,42.25,25.23,30.64
2026-04-12 17:54:32,42.00,25.23,30.67
2026-04-12 17:54:33,42.25,25.20,30.64
2026-04-12 17:54:33,42.25,25.23,30.67
2026-04-12 17:54:34,42.00,25.23,30.64
2026-04-12 17:54:35,42.25,25.23,30.60
2026-04-12 17:54:35,42.25,25.20,30.67
2026-04-12 17:54:36,42.25,25.23,30.64
2026-04-12 17:54:37,42.00,25.23,30.64
2026-04-12 17:54:37,42.00,25.20,30.64
2026-04-12 17:54:38,42.00,25.20,30.60
2026-04-12 17:54:39,42.00,25.20,30.64
2026-04-12 17:54:39,42.00,25.23,30.60
2026-04-12 17:54:40,42.00,25.20,30.60
2026-04-12 17:54:41,42.00,25.23,30.60
2026-04-12 17:54:41,42.00,25.20,30.57
2026-04-12 17:54:42,42.00,25.23,30.60
2026-04-12 17:54:43,42.00,25.23,30.60
2026-04-12 17:54:43,42.00,25.23,30.64
2026-04-12 17:54:44,42.00,25.20,30.60
2026-04-12 17:54:45,42.00,25.23,30.57
2026-04-12 17:54:45,42.00,25.20,30.60
2026-04-12 17:54:46,42.00,25.20,30.60
2026-04-12 17:54:47,42.00,25.20,30.57
2026-04-12 17:54:47,42.00,25.23,30.57
2026-04-12 17:54:48,42.00,25.23,30.57
2026-04-12 17:54:49,42.00,25.20,30.57
2026-04-12 17:54:49,42.00,25.20,30.57
2026-04-12 17:54:50,42.00,25.20,30.57
2026-04-12 17:54:51,42.00,25.20,30.57
2026-04-12 17:54:51,42.00,25.20,30.57
2026-04-12 17:54:52,42.00,25.20,30.54
2026-04-12 17:54:53,42.00,25.23,30.54
2026-04-12 17:54:53,42.00,25.20,30.54
2026-04-12 17:54:54,41.75,25.20,30.54
2026-04-12 17:54:55,42.00,25.16,30.54
2026-04-12 17:54:55,41.75,25.23,30.54
2026-04-12 17:54:56,42.00,25.23,30.50
2026-04-12 17:54:57,41.75,25.20,30.54
2026-04-12 17:54:57,42.00,25.20,30.50
2026-04-12 17:54:58,42.00,25.20,30.54
2026-04-12 17:54:58,41.75,25.20,30.50
2026-04-12 17:54:59,42.00,25.20,30.50
2026-04-12 17:55:00,41.75,25.16,30.50
2026-04-12 17:55:00,41.75,25.20,30.54
2026-04-12 17:55:01,41.75,25.20,30.50
2026-04-12 17:55:02,41.75,25.16,30.50
2026-04-12 17:55:02,41.75,25.20,30.47
2026-04-12 17:55:03,41.75,25.20,30.50
2026-04-12 17:55:04,41.75,25.20,30.47
2026-04-12 17:55:04,41.75,25.16,30.47
2026-04-12 17:55:05,41.75,25.20,30.47
2026-04-12 17:55:06,41.75,25.20,30.50
2026-04-12 17:55:06,41.75,25.16,30.44
2026-04-12 17:55:07,41.75,25.16,30.47
2026-04-12 17:55:08,41.75,25.16,30.44
2026-04-12 17:55:08,41.75,25.20,30.44
2026-04-12 17:55:09,41.75,25.20,30.47
2026-04-12 17:55:10,41.75,25.20,30.44
2026-04-12 17:55:10,41.75,25.20,30.47
2026-04-12 17:55:11,41.75,25.20,30.44
2026-04-12 17:55:12,41.75,25.20,30.44
2026-04-12 17:55:12,41.75,25.20,30.47
2026-04-12 17:55:13,41.75,25.20,30.44
2026-04-12 17:55:14,41.75,25.20,30.44
2026-04-12 17:55:14,41.75,25.16,30.44
2026-04-12 17:55:15,41.75,25.20,30.44
2026-04-12 17:55:16,41.75,25.20,30.40
2026-04-12 17:55:16,41.75,25.20,30.40
2026-04-12 17:55:17,41.75,25.16,30.44
2026-04-12 17:55:18,41.75,25.23,30.40
2026-04-12 17:55:18,41.75,25.20,30.40
2026-04-12 17:55:19,41.75,25.20,30.44
2026-04-12 17:55:20,41.75,25.20,30.40
2026-04-12 17:55:20,41.50,25.16,30.40
2026-04-12 17:55:21,41.75,25.20,30.37
2026-04-12 17:55:21,41.75,25.20,30.40
2026-04-12 17:55:22,41.75,25.16,30.37
2026-04-12 17:55:23,41.50,25.20,30.37
2026-04-12 17:55:23,41.75,25.16,30.40
2026-04-12 17:55:24,41.75,25.20,30.40
2026-04-12 17:55:25,41.50,25.16,30.37
2026-04-12 17:55:25,41.50,25.20,30.37
2026-04-12 17:55:26,41.50,25.20,30.40
2026-04-12 17:55:27,41.50,25.20,30.37
2026-04-12 17:55:27,41.50,25.20,30.37
2026-04-12 17:55:28,41.50,25.20,30.37
2026-04-12 17:55:29,41.50,25.16,30.37
2026-04-12 17:55:29,41.50,25.20,30.37
2026-04-12 17:55:30,41.50,25.20,30.37
2026-04-12 17:55:31,41.50,25.20,30.33
2026-04-12 17:55:31,41.50,25.20,30.33
2026-04-12 17:55:32,41.50,25.20,30.33
2026-04-12 17:55:33,41.50,25.20,30.33
2026-04-12 17:55:33,41.50,25.16,30.33
2026-04-12 17:55:34,41.50,25.20,30.30
2026-04-12 17:55:35,41.50,25.16,30.30
2026-04-12 17:55:35,41.50,25.16,30.33
2026-04-12 17:55:36,41.50,25.16,30.33
2026-04-12 17:55:37,41.50,25.20,30.33
2026-04-12 17:55:37,41.50,25.16,30.30
2026-04-12 17:55:38,41.50,25.16,30.30
2026-04-12 17:55:39,41.50,25.16,30.30
2026-04-12 17:55:39,41.50,25.16,30.27
2026-04-12 17:55:40,41.50,25.16,30.30
2026-04-12 17:55:41,41.50,25.16,30.30
2026-04-12 17:55:41,41.50,25.16,30.30
2026-04-12 17:55:42,41.50,25.16,30.27
2026-04-12 17:55:43,41.50,25.20,30.30
2026-04-12 17:55:43,41.50,25.20,30.27
2026-04-12 17:55:44,41.50,25.16,30.30
2026-04-12 17:55:44,41.50,25.16,30.27
2026-04-12 17:55:45,41.50,25.20,30.27
2026-04-12 17:55:46,41.50,25.16,30.27
2026-04-12 17:55:46,41.50,25.20,30.27
2026-04-12 17:55:47,41.50,25.16,30.27
2026-04-12 17:55:48,41.50,25.16,30.23
2026-04-12 17:55:48,41.50,25.20,30.27
2026-04-12 17:55:49,41.50,25.16,30.27
2026-04-12 17:55:50,41.50,25.16,30.27
2026-04-12 17:55:50,41.25,25.16,30.23
2026-04-12 17:55:51,41.50,25.16,30.23
2026-04-12 17:55:52,41.25,25.16,30.20
2026-04-12 17:55:52,41.50,25.16,30.23
2026-04-12 17:55:53,41.50,25.16,30.23
2026-04-12 17:55:54,41.25,25.16,30.23
2026-04-12 17:55:54,41.25,25.16,30.23
2026-04-12 17:55:55,41.50,25.16,30.20
2026-04-12 17:55:56,41.25,25.16,30.20
2026-04-12 17:55:56,41.25,25.20,30.23
2026-04-12 17:55:57,41.25,25.16,30.20
2026-04-12 17:55:58,41.25,25.16,30.23
2026-04-12 17:55:58,41.25,25.16,30.20
2026-04-12 17:55:59,41.25,25.16,30.20
2026-04-12 17:56:00,41.25,25.16,30.20
2026-04-12 17:56:00,41.25,25.16,30.20
2026-04-12 17:56:01,41.25,25.13,30.20
2026-04-12 17:56:02,41.25,25.16,30.20
2026-04-12 17:56:02,41.25,25.16,30.16
2026-04-12 17:56:03,41.25,25.16,30.16
2026-04-12 17:56:04,41.25,25.16,30.16
2026-04-12 17:56:04,41.25,25.13,30.20
2026-04-12 17:56:05,41.25,25.13,30.20
2026-04-12 17:56:06,41.25,25.16,30.16
2026-04-12 17:56:06,41.25,25.13,30.16
2026-04-12 17:56:07,41.25,25.16,30.20
2026-04-12 17:56:07,41.25,25.16,30.16
2026-04-12 17:56:08,41.25,25.16,30.16
2026-04-12 17:56:09,41.25,25.16,30.16
2026-04-12 17:56:09,41.25,25.16,30.16
2026-04-12 17:56:10,41.25,25.16,30.16
2026-04-12 17:56:11,41.25,25.16,30.10
2026-04-12 17:56:11,41.25,25.16,30.16
2026-04-12 17:56:12,41.00,25.16,30.13
2026-04-12 17:56:13,41.25,25.16,30.13
2026-04-12 17:56:13,41.00,25.16,30.13
2026-04-12 17:56:14,41.00,25.16,30.13
2026-04-12 17:56:15,41.00,25.16,30.13
2026-04-12 17:56:15,41.00,25.13,30.13
2026-04-12 17:56:16,41.25,25.16,30.10
2026-04-12 17:56:17,41.00,25.20,30.10
2026-04-12 17:56:17,41.00,25.16,30.13
2026-04-12 17:56:18,41.00,25.13,30.13
2026-04-12 17:56:19,41.00,25.16,30.10
2026-04-12 17:56:19,41.00,25.13,30.13
2026-04-12 17:56:20,41.25,25.13,30.13
2026-04-12 17:56:21,41.00,25.16,30.10
2026-04-12 17:56:21,41.00,25.13,30.10
2026-04-12 17:56:22,41.00,25.16,30.10
2026-04-12 17:56:23,41.00,25.16,30.10
2026-04-12 17:56:23,41.00,25.13,30.06
2026-04-12 17:56:24,41.00,25.13,30.10
2026-04-12 17:56:25,41.00,25.13,30.06
2026-04-12 17:56:25,41.00,25.16,30.06
2026-04-12 17:56:26,41.00,25.16,30.06
2026-04-12 17:56:27,41.00,25.16,30.10
2026-04-12 17:56:27,41.00,25.16,30.06
2026-04-12 17:56:28,41.00,25.13,30.06
2026-04-12 17:56:29,41.00,25.16,30.03
2026-04-12 17:56:29,41.00,25.13,30.06
2026-04-12 17:56:30,41.00,25.13,30.03
2026-04-12 17:56:30,41.00,25.16,30.06
2026-04-12 17:56:31,41.00,25.13,30.03
2026-04-12 17:56:32,41.00,25.13,30.03
2026-04-12 17:56:32,41.00,25.16,30.00
2026-04-12 17:56:33,41.00,25.16,30.03
2026-04-12 17:56:34,41.00,25.16,30.00
2026-04-12 17:56:34,41.00,25.16,30.03
2026-04-12 17:56:35,41.00,25.16,30.03
2026-04-12 17:56:36,41.00,25.13,30.03
2026-04-12 17:56:36,41.00,25.13,30.03
2026-04-12 17:56:37,41.00,25.13,30.03
2026-04-12 17:56:38,41.00,25.13,30.00
2026-04-12 17:56:38,40.75,25.16,30.00
2026-04-12 17:56:39,41.00,25.13,30.03
2026-04-12 17:56:40,41.00,25.13,30.00
2026-04-12 17:56:40,40.75,25.16,30.00
2026-04-12 17:56:41,40.75,25.16,30.00
2026-04-12 17:56:42,40.75,25.13,30.00
2026-04-12 17:56:42,41.00,25.16,30.00
2026-04-12 17:56:43,40.75,25.13,30.00
2026-04-12 17:56:44,40.75,25.13,30.00
2026-04-12 17:56:44,41.00,25.13,30.00
2026-04-12 17:56:45,40.75,25.13,30.00
2026-04-12 17:56:46,40.75,25.13,30.00
2026-04-12 17:56:46,40.75,25.16,29.96
2026-04-12 17:56:47,40.75,25.13,29.96
2026-04-12 17:56:48,40.75,25.13,29.96
2026-04-12 17:56:48,40.75,25.16,29.96
2026-04-12 17:56:49,40.75,25.13,29.96
2026-04-12 17:56:50,40.75,25.13,29.96
2026-04-12 17:56:50,40.75,25.13,29.93
2026-04-12 17:56:51,40.75,25.13,29.96
2026-04-12 17:56:52,40.75,25.13,29.93
2026-04-12 17:56:52,40.75,25.16,29.96
2026-04-12 17:56:53,40.75,25.13,29.93
2026-04-12 17:56:54,40.75,25.13,29.93
2026-04-12 17:56:54,40.75,25.13,29.93
2026-04-12 17:56:55,40.75,25.13,29.96
2026-04-12 17:56:55,40.75,25.13,29.93
2026-04-12 17:56:56,40.75,25.13,29.93
2026-04-12 17:56:57,40.75,25.13,29.93
2026-04-12 17:56:57,40.75,25.13,29.93
2026-04-12 17:56:58,40.75,25.13,29.93
2026-04-12 17:56:59,40.75,25.13,29.96
2026-04-12 17:56:59,40.75,25.13,29.93
2026-04-12 17:57:00,40.75,25.13,29.93
2026-04-12 17:57:01,40.75,25.13,29.93
2026-04-12 17:57:01,40.75,25.10,29.89
2026-04-12 17:57:02,40.75,25.13,29.89
2026-04-12 17:57:03,40.75,25.13,29.89
2026-04-12 17:57:03,40.75,25.13,29.89
2026-04-12 17:57:04,40.75,25.13,29.89
2026-04-12 17:57:05,40.50,25.10,29.89
2026-04-12 17:57:05,40.50,25.13,29.86
2026-04-12 17:57:06,40.75,25.13,29.86
2026-04-12 17:57:07,40.75,25.13,29.89
2026-04-12 17:57:07,40.50,25.13,29.89
2026-04-12 17:57:08,40.50,25.13,29.86
2026-04-12 17:57:09,40.50,25.10,29.86
2026-04-12 17:57:09,40.75,25.13,29.86
2026-04-12 17:57:10,40.50,25.10,29.86
2026-04-12 17:57:11,40.50,25.10,29.86
2026-04-12 17:57:11,40.50,25.13,29.86
2026-04-12 17:57:12,40.50,25.13,29.86
2026-04-12 17:57:13,40.50,25.13,29.86
2026-04-12 17:57:13,40.50,25.13,29.86
2026-04-12 17:57:14,40.50,25.10,29.83
2026-04-12 17:57:15,40.50,25.13,29.86
2026-04-12 17:57:15,40.50,25.13,29.86
2026-04-12 17:57:16,40.50,25.13,29.83
2026-04-12 17:57:16,40.50,25.13,29.83
2026-04-12 17:57:17,40.50,25.13,29.83
2026-04-12 17:57:18,40.50,25.10,29.83
2026-04-12 17:57:18,40.50,25.10,29.79
2026-04-12 17:57:19,40.50,25.10,29.86
2026-04-12 17:57:20,40.50,25.10,29.79
2026-04-12 17:57:20,40.50,25.13,29.83
2026-04-12 17:57:21,40.50,25.10,29.83
2026-04-12 17:57:22,40.50,25.13,29.83
2026-04-12 17:57:22,40.50,25.10,29.79
2026-04-12 17:57:23,40.50,25.13,29.79
2026-04-12 17:57:24,40.50,25.10,29.79
2026-04-12 17:57:24,40.50,25.10,29.79
2026-04-12 17:57:25,40.50,25.13,29.79
2026-04-12 17:57:26,40.50,25.13,29.79
2026-04-12 17:57:26,40.50,25.13,29.79
2026-04-12 17:57:27,40.50,25.10,29.79
2026-04-12 17:57:28,40.50,25.13,29.79
2026-04-12 17:57:28,40.50,25.13,29.79
2026-04-12 17:57:29,40.50,25.10,29.79
2026-04-12 17:57:30,40.50,25.10,29.76
2026-04-12 17:57:30,40.50,25.13,29.76
2026-04-12 17:57:31,40.50,25.13,29.76
2026-04-12 17:57:32,40.50,25.10,29.76
2026-04-12 17:57:32,40.50,25.10,29.76
2026-04-12 17:57:33,40.25,25.10,29.76
2026-04-12 17:57:34,40.50,25.13,29.76
2026-04-12 17:57:34,40.50,25.13,29.72
2026-04-12 17:57:35,40.50,25.13,29.72
2026-04-12 17:57:36,40.50,25.13,29.72
2026-04-12 17:57:36,40.50,25.10,29.72
2026-04-12 17:57:37,40.50,25.13,29.76
2026-04-12 17:57:38,40.50,25.10,29.72
2026-04-12 17:57:38,40.50,25.10,29.76
2026-04-12 17:57:39,40.50,25.10,29.72
2026-04-12 17:57:39,40.50,25.10,29.72
2026-04-12 17:57:40,40.50,25.10,29.72
2026-04-12 17:57:41,40.50,25.10,29.72
2026-04-12 17:57:41,40.50,25.06,29.72
2026-04-12 17:57:42,40.25,25.10,29.69
2026-04-12 17:57:43,40.25,25.13,29.72
2026-04-12 17:57:43,40.25,25.10,29.72
2026-04-12 17:57:44,40.25,25.10,29.69
2026-04-12 17:57:45,40.25,25.10,29.69
2026-04-12 17:57:45,40.25,25.13,29.69
2026-04-12 17:57:46,40.25,25.10,29.72
2026-04-12 17:57:47,40.25,25.10,29.69
2026-04-12 17:57:47,40.25,25.10,29.69
2026-04-12 17:57:48,40.25,25.13,29.69
2026-04-12 17:57:49,40.25,25.10,29.69
2026-04-12 17:57:49,40.25,25.10,29.69
2026-04-12 17:57:50,40.25,25.10,29.66
2026-04-12 17:57:51,40.25,25.10,29.69
2026-04-12 17:57:51,40.25,25.10,29.66
2026-04-12 17:57:52,40.25,25.10,29.69
2026-04-12 17:57:53,40.25,25.10,29.69
2026-04-12 17:57:53,40.25,25.10,29.66
2026-04-12 17:57:54,40.25,25.10,29.66
2026-04-12 17:57:55,40.25,25.10,29.66
2026-04-12 17:57:55,40.25,25.10,29.62
2026-04-12 17:57:56,40.25,25.10,29.66
2026-04-12 17:57:57,40.25,25.10,29.69
2026-04-12 17:57:57,40.25,25.10,29.66
2026-04-12 17:57:58,40.25,25.10,29.66
2026-04-12 17:57:59,40.25,25.10,29.62
2026-04-12 17:57:59,40.25,25.10,29.66
2026-04-12 17:58:00,40.25,25.10,29.62
2026-04-12 17:58:01,40.25,25.13,29.66
2026-04-12 17:58:01,40.25,25.10,29.62
2026-04-12 17:58:02,40.25,25.10,29.62
2026-04-12 17:58:02,40.25,25.13,29.62
2026-04-12 17:58:03,40.25,25.10,29.62
2026-04-12 17:58:04,40.25,25.10,29.59
2026-04-12 17:58:04,40.25,25.13,29.62
2026-04-12 17:58:05,40.25,25.10,29.62
2026-04-12 17:58:06,40.25,25.10,29.59
2026-04-12 17:58:06,40.25,25.10,29.59
2026-04-12 17:58:07,40.25,25.10,29.59
2026-04-12 17:58:08,40.25,25.13,29.59
2026-04-12 17:58:08,40.25,25.10,29.59
2026-04-12 17:58:09,40.00,25.10,29.59
2026-04-12 17:58:10,40.25,25.10,29.59
2026-04-12 17:58:10,40.25,25.10,29.55
2026-04-12 17:58:11,40.25,25.10,29.55
2026-04-12 17:58:12,40.25,25.13,29.59
2026-04-12 17:58:12,40.00,25.10,29.59
2026-04-12 17:58:13,40.00,25.10,29.55
2026-04-12 17:58:14,40.25,25.10,29.55
2026-04-12 17:58:14,40.00,25.10,29.59
2026-04-12 17:58:15,40.00,25.10,29.55
2026-04-12 17:58:16,40.00,25.06,29.59
2026-04-12 17:58:16,40.00,25.10,29.55
2026-04-12 17:58:17,40.00,25.10,29.59
2026-04-12 17:58:18,40.00,25.10,29.55
2026-04-12 17:58:18,40.00,25.10,29.52
2026-04-12 17:58:19,40.00,25.06,29.52
2026-04-12 17:58:20,40.00,25.10,29.55
2026-04-12 17:58:20,40.00,25.13,29.55
2026-04-12 17:58:21,40.00,25.10,29.55
2026-04-12 17:58:22,40.00,25.10,29.55
2026-04-12 17:58:22,40.00,25.06,29.55
2026-04-12 17:58:23,40.00,25.06,29.52
2026-04-12 17:58:24,40.00,25.10,29.52
2026-04-12 17:58:24,40.00,25.10,29.49
2026-04-12 17:58:25,40.00,25.06,29.55
2026-04-12 17:58:25,40.00,25.10,29.52
2026-04-12 17:58:26,40.00,25.06,29.52
2026-04-12 17:58:27,40.00,25.06,29.52
2026-04-12 17:58:27,40.00,25.10,29.52
2026-04-12 17:58:28,40.00,25.10,29.52
2026-04-12 17:58:29,40.00,25.10,29.49
2026-04-12 17:58:29,40.00,25.06,29.49
2026-04-12 17:58:30,40.00,25.10,29.49
2026-04-12 17:58:31,40.00,25.10,29.52
2026-04-12 17:58:31,40.00,25.10,29.52
2026-04-12 17:58:32,40.00,25.06,29.49
2026-04-12 17:58:33,40.00,25.06,29.49
2026-04-12 17:58:33,40.00,25.10,29.52
2026-04-12 17:58:34,40.00,25.06,29.49
2026-04-12 17:58:35,40.00,25.06,29.49
2026-04-12 17:58:35,40.00,25.10,29.49
2026-04-12 17:58:36,40.00,25.06,29.45
2026-04-12 17:58:37,40.00,25.10,29.49
2026-04-12 17:58:37,40.00,25.10,29.45
2026-04-12 17:58:38,40.00,25.06,29.45
2026-04-12 17:58:39,40.00,25.10,29.49
2026-04-12 17:58:39,40.00,25.10,29.45
2026-04-12 17:58:40,39.75,25.10,29.49
2026-04-12 17:58:41,40.00,25.06,29.45
2026-04-12 17:58:41,39.75,25.10,29.49
2026-04-12 17:58:42,39.75,25.06,29.45
2026-04-12 17:58:43,39.75,25.10,29.45
2026-04-12 17:58:43,40.00,25.10,29.42
2026-04-12 17:58:44,39.75,25.10,29.45
2026-04-12 17:58:45,40.00,25.10,29.42
2026-04-12 17:58:45,39.75,25.06,29.45
2026-04-12 17:58:46,39.75,25.06,29.45
2026-04-12 17:58:47,39.75,25.10,29.45
2026-04-12 17:58:47,39.75,25.06,29.45
2026-04-12 17:58:48,39.75,25.06,29.42
2026-04-12 17:58:48,39.75,25.10,29.45
2026-04-12 17:58:49,39.75,25.06,29.39
2026-04-12 17:58:50,39.75,25.06,29.39
2026-04-12 17:58:50,39.75,25.10,29.42
2026-04-12 17:58:51,39.75,25.10,29.42
2026-04-12 17:58:52,39.75,25.06,29.39
2026-04-12 17:58:52,39.75,25.06,29.42
2026-04-12 17:58:53,39.75,25.06,29.39
2026-04-12 17:58:54,39.75,25.10,29.42
2026-04-12 17:58:54,39.75,25.10,29.39
2026-04-12 17:58:55,39.75,25.06,29.39
2026-04-12 17:58:56,39.75,25.10,29.39
2026-04-12 17:58:56,39.75,25.10,29.35
2026-04-12 17:58:57,39.75,25.06,29.39
2026-04-12 17:58:58,39.75,25.10,29.39
2026-04-12 17:58:58,39.50,25.10,29.39
2026-04-12 17:58:59,39.75,25.06,29.35
2026-04-12 17:59:00,39.75,25.10,29.35
2026-04-12 17:59:00,39.75,25.06,29.39
2026-04-12 17:59:01,39.75,25.10,29.35
2026-04-12 17:59:02,39.75,25.10,29.32
2026-04-12 17:59:02,39.50,25.10,29.39
2026-04-12 17:59:03,39.75,25.06,29.35
2026-04-12 17:59:04,39.75,25.10,29.35
2026-04-12 17:59:04,39.50,25.10,29.32
2026-04-12 17:59:05,39.50,25.06,29.35
2026-04-12 17:59:06,39.50,25.06,29.35
2026-04-12 17:59:06,39.75,25.10,29.35
2026-04-12 17:59:07,39.50,25.06,29.35
2026-04-12 17:59:08,39.50,25.06,29.35
2026-04-12 17:59:08,39.50,25.10,29.32
2026-04-12 17:59:09,39.50,25.06,29.32
2026-04-12 17:59:10,39.50,25.10,29.32
2026-04-12 17:59:10,39.50,25.06,29.32
2026-04-12 17:59:11,39.75,25.06,29.35
2026-04-12 17:59:11,39.50,25.06,29.32
2026-04-12 17:59:12,39.50,25.10,29.32
2026-04-12 17:59:13,39.50,25.06,29.32
2026-04-12 17:59:13,39.50,25.06,29.32
2026-04-12 17:59:14,39.50,25.10,29.32
2026-04-12 17:59:15,39.50,25.10,29.32
2026-04-12 17:59:15,39.50,25.06,29.28
2026-04-12 17:59:16,39.50,25.06,29.28
2026-04-12 17:59:17,39.50,25.06,29.32
2026-04-12 17:59:17,39.50,25.10,29.32
2026-04-12 17:59:18,39.50,25.10,29.28
2026-04-12 17:59:19,39.50,25.06,29.28
2026-04-12 17:59:19,39.50,25.06,29.28
2026-04-12 17:59:33,39.50,25.10,29.18
2026-04-12 17:59:34,39.50,25.10,29.25
2026-04-12 17:59:34,39.25,25.06,29.22
2026-04-12 17:59:35,39.25,25.10,29.22
2026-04-12 17:59:36,39.25,25.10,29.22
2026-04-12 17:59:36,39.50,25.06,29.22
2026-04-12 17:59:37,39.25,25.10,29.22
2026-04-12 17:59:38,39.50,25.10,29.18
2026-04-12 17:59:38,39.25,25.06,29.18
2026-04-12 17:59:39,39.25,25.10,29.22
2026-04-12 17:59:40,39.50,25.10,29.22
2026-04-12 17:59:40,39.25,25.06,29.22
2026-04-12 17:59:41,39.25,25.10,29.22
2026-04-12 17:59:42,39.25,25.10,29.18
2026-04-12 17:59:42,39.25,25.10,29.18
2026-04-12 17:59:43,39.25,25.06,29.18
2026-04-12 17:59:44,39.25,25.06,29.18
2026-04-12 17:59:44,39.25,25.10,29.18
2026-04-12 17:59:45,39.25,25.10,29.18
2026-04-12 17:59:46,39.25,25.06,29.18
2026-04-12 17:59:46,39.25,25.10,29.15
2026-04-12 17:59:47,39.25,25.10,29.18
2026-04-12 17:59:48,39.25,25.10,29.15
2026-04-12 17:59:48,39.25,25.10,29.18
2026-04-12 17:59:49,39.25,25.10,29.15
2026-04-12 17:59:50,39.25,25.10,29.15
2026-04-12 17:59:50,39.25,25.10,29.18
2026-04-12 17:59:51,39.25,25.10,29.18
2026-04-12 17:59:52,39.25,25.10,29.15
2026-04-12 17:59:52,39.25,25.10,29.15
2026-04-12 17:59:53,39.25,25.10,29.15
2026-04-12 17:59:53,39.25,25.06,29.15
2026-04-12 17:59:54,39.25,25.10,29.11
2026-04-12 17:59:55,39.25,25.10,29.11
2026-04-12 17:59:55,39.25,25.10,29.11
2026-04-12 17:59:56,39.25,25.10,29.15
2026-04-12 17:59:57,39.25,25.10,29.15
2026-04-12 17:59:57,39.25,25.06,29.11
2026-04-12 17:59:58,39.25,25.13,29.11
2026-04-12 17:59:59,39.25,25.10,29.11
2026-04-12 17:59:59,39.25,25.10,29.11
2026-04-12 18:00:00,39.25,25.10,29.15
2026-04-12 18:00:01,39.25,25.10,29.11
2026-04-12 18:00:01,39.25,25.13,29.15
2026-04-12 18:00:02,39.50,25.10,29.11
2026-04-12 18:00:03,39.75,25.13,29.08
2026-04-12 18:00:03,40.00,25.10,29.11
2026-04-12 18:00:04,40.25,25.10,29.11
2026-04-12 18:00:05,40.50,25.10,29.11
2026-04-12 18:00:05,40.50,25.10,29.11
2026-04-12 18:00:06,40.75,25.10,29.11
2026-04-12 18:00:07,41.25,25.13,29.11
2026-04-12 18:00:07,41.50,25.13,29.08
2026-04-12 18:00:08,41.75,25.10,29.08
2026-04-12 18:00:09,42.00,25.13,29.11
2026-04-12 18:00:09,42.25,25.10,29.08
2026-04-12 18:00:10,42.50,25.10,29.11
2026-04-12 18:00:11,42.75,25.10,29.08
2026-04-12 18:00:11,43.00,25.13,29.08
2026-04-12 18:00:12,43.25,25.10,29.11
2026-04-12 18:00:13,43.50,25.13,29.08
2026-04-12 18:00:13,43.75,25.10,29.05
2026-04-12 18:00:14,44.00,25.13,29.08
2026-04-12 18:00:15,44.25,25.13,29.08
2026-04-12 18:00:15,44.50,25.13,29.05
2026-04-12 18:00:16,44.75,25.13,29.05
2026-04-12 18:00:17,45.00,25.10,29.05
2026-04-12 18:00:17,45.25,25.13,29.05
2026-04-12 18:00:18,45.50,25.10,29.05
2026-04-12 18:00:19,45.75,25.13,29.01
2026-04-12 18:00:19,46.00,25.13,29.05
2026-04-12 18:00:20,46.25,25.13,29.05
2026-04-12 18:00:20,46.50,25.13,29.05
2026-04-12 18:00:21,46.50,25.13,29.05
2026-04-12 18:00:22,46.75,25.10,29.05
2026-04-12 18:00:22,47.25,25.13,29.05
2026-04-12 18:00:23,47.25,25.13,29.01
2026-04-12 18:00:24,47.50,25.13,29.05
2026-04-12 18:00:24,47.75,25.13,29.01
2026-04-12 18:00:25,48.00,25.13,29.01
2026-04-12 18:00:26,48.25,25.16,29.01
2026-04-12 18:00:26,48.50,25.13,29.01
2026-04-12 18:00:27,48.50,25.16,29.01
2026-04-12 18:00:28,48.75,25.20,28.98
2026-04-12 18:00:28,49.00,25.23,29.01
2026-04-12 18:00:29,49.25,25.27,29.01
2026-04-12 18:00:30,49.25,25.33,28.98
2026-04-12 18:00:30,49.50,25.40,28.98
2026-04-12 18:00:31,49.75,25.47,29.01
2026-04-12 18:00:32,50.00,25.50,29.05
2026-04-12 18:00:32,50.25,25.57,29.15
2026-04-12 18:00:33,50.50,25.64,29.28
2026-04-12 18:00:34,50.50,25.67,29.45
2026-04-12 18:00:34,50.75,25.74,29.59
2026-04-12 18:00:35,51.00,25.81,29.83
2026-04-12 18:00:36,51.00,25.88,30.06
2026-04-12 18:00:36,51.25,25.91,30.37
2026-04-12 18:00:37,51.50,25.94,30.67
2026-04-12 18:00:38,51.50,25.98,30.98
2026-04-12 18:00:38,51.75,26.01,31.28
2026-04-12 18:00:39,52.00,26.04,31.59
2026-04-12 18:00:40,52.00,26.08,31.96
2026-04-12 18:00:40,52.25,26.11,32.30
2026-04-12 18:00:41,52.50,26.11,32.64
2026-04-12 18:00:41,52.50,26.18,32.98
2026-04-12 18:00:42,52.75,26.18,33.28
2026-04-12 18:00:43,53.00,26.21,33.59
2026-04-12 18:00:43,53.00,26.25,33.89
2026-04-12 18:00:44,53.25,26.25,34.13
2026-04-12 18:00:45,53.25,26.25,34.40
2026-04-12 18:00:45,53.50,26.32,34.61
2026-04-12 18:00:46,53.50,26.32,34.84
2026-04-12 18:00:47,53.75,26.32,35.05
2026-04-12 18:00:47,54.00,26.32,35.22
2026-04-12 18:00:48,54.00,26.38,35.39
2026-04-12 18:00:49,54.00,26.38,35.49
2026-04-12 18:00:49,54.25,26.38,35.62
2026-04-12 18:00:50,54.25,26.38,35.73
2026-04-12 18:00:51,54.50,26.38,35.86
2026-04-12 18:00:51,54.50,26.42,35.93
2026-04-12 18:00:52,54.75,26.42,35.96
2026-04-12 18:00:53,54.75,26.45,36.00
2026-04-12 18:00:53,55.00,26.45,36.07
2026-04-12 18:00:54,55.00,26.45,36.10
2026-04-12 18:00:55,55.00,26.45,36.13
2026-04-12 18:00:55,55.25,26.48,36.13
2026-04-12 18:00:56,55.25,26.48,36.10
2026-04-12 18:00:57,55.25,26.45,36.13
2026-04-12 18:00:57,55.50,26.45,36.13
2026-04-12 18:00:58,55.50,26.48,36.07
2026-04-12 18:00:59,55.75,26.48,36.07
2026-04-12 18:00:59,55.75,26.52,36.03
2026-04-12 18:01:00,55.75,26.48,36.03
2026-04-12 18:01:01,56.00,26.52,35.96
2026-04-12 18:01:01,56.00,26.55,35.93
2026-04-12 18:01:02,56.25,26.52,35.90
2026-04-12 18:01:03,56.25,26.52,35.86
2026-04-12 18:01:03,56.50,26.52,35.83
2026-04-12 18:01:04,56.50,26.52,35.76
2026-04-12 18:01:05,56.50,26.59,35.76
2026-04-12 18:01:05,56.50,26.55,35.66
2026-04-12 18:01:06,56.75,26.55,35.66
2026-04-12 18:01:06,56.75,26.55,35.62
2026-04-12 18:01:07,56.75,26.59,35.59
2026-04-12 18:01:08,56.75,26.59,35.56
2026-04-12 18:01:08,57.00,26.55,35.49
2026-04-12 18:01:09,57.00,26.59,35.45
2026-04-12 18:01:10,57.25,26.59,35.45
2026-04-12 18:01:10,57.25,26.62,35.42
2026-04-12 18:01:11,57.25,26.59,35.39
2026-04-12 18:01:12,57.25,26.59,35.35
2026-04-12 18:01:12,57.25,26.62,35.32
2026-04-12 18:01:13,57.50,26.62,35.28
2026-04-12 18:01:14,57.50,26.62,35.28
2026-04-12 18:01:14,57.75,26.62,35.28
2026-04-12 18:01:15,57.75,26.62,35.25
2026-04-12 18:01:16,57.75,26.65,35.25
2026-04-12 18:01:16,57.75,26.62,35.22
2026-04-12 18:01:17,58.00,26.62,35.15
2026-04-12 18:01:18,58.00,26.65,35.15
2026-04-12 18:01:18,58.25,26.62,35.15
2026-04-12 18:01:19,58.25,26.65,35.11
2026-04-12 18:01:20,58.25,26.65,35.11
2026-04-12 18:01:20,58.25,26.65,35.11
2026-04-12 18:01:21,58.25,26.62,35.08
2026-04-12 18:01:22,58.25,26.65,35.08
2026-04-12 18:01:22,58.50,26.65,35.08
2026-04-12 18:01:23,58.50,26.65,35.08
2026-04-12 18:01:24,58.50,26.65,35.01
2026-04-12 18:01:24,58.75,26.65,35.01
2026-04-12 18:01:25,58.75,26.65,35.01
2026-04-12 18:01:26,58.75,26.69,35.01
2026-04-12 18:01:26,58.75,26.65,35.01
2026-04-12 18:01:27,58.75,26.69,35.01
2026-04-12 18:01:27,59.00,26.69,34.98
2026-04-12 18:01:28,59.00,26.69,34.98
2026-04-12 18:01:29,59.00,26.65,34.98
2026-04-12 18:01:29,59.25,26.69,34.98
2026-04-12 18:01:30,59.25,26.69,34.98
2026-04-12 18:01:31,59.25,26.69,34.95
2026-04-12 18:01:31,59.25,26.72,34.95
2026-04-12 18:01:32,59.25,26.72,34.95
2026-04-12 18:01:33,59.25,26.69,34.98
2026-04-12 18:01:33,59.50,26.72,34.98
2026-04-12 18:01:34,59.50,26.72,34.98
2026-04-12 18:01:35,59.50,26.72,34.98
2026-04-12 18:01:35,59.50,26.72,34.95
2026-04-12 18:01:36,59.75,26.72,34.95
2026-04-12 18:01:37,59.75,26.72,34.98
2026-04-12 18:01:37,59.75,26.72,34.95
2026-04-12 18:01:38,59.75,26.72,34.95
2026-04-12 18:01:39,60.00,26.72,34.95
2026-04-12 18:01:39,60.00,26.75,34.95
2026-04-12 18:01:40,60.00,26.72,34.98
2026-04-12 18:01:41,60.00,26.75,34.95
2026-04-12 18:01:41,60.25,26.75,34.95
2026-04-12 18:01:42,60.25,26.75,34.98
2026-04-12 18:01:43,60.25,26.75,34.98
2026-04-12 18:01:43,60.25,26.75,34.95
2026-04-12 18:01:44,60.25,26.75,34.98
2026-04-12 18:01:45,60.50,26.79,34.98
2026-04-12 18:01:45,60.50,26.79,34.95
2026-04-12 18:01:46,60.50,26.72,34.98
2026-04-12 18:01:47,60.50,26.75,35.01
2026-04-12 18:01:47,60.50,26.75,34.98
2026-04-12 18:01:48,60.75,26.79,35.01
2026-04-12 18:01:48,60.75,26.79,35.01
2026-04-12 18:01:49,60.75,26.79,35.05
2026-04-12 18:01:50,60.75,26.79,35.01
2026-04-12 18:01:50,60.75,26.75,35.01
2026-04-12 18:01:51,60.75,26.79,35.05
2026-04-12 18:01:52,61.00,26.79,35.01
2026-04-12 18:01:52,61.00,26.79,35.05
2026-04-12 18:01:53,61.00,26.82,35.08
2026-04-12 18:01:54,61.00,26.79,35.01
2026-04-12 18:01:54,61.00,26.79,35.08
2026-04-12 18:01:55,61.00,26.82,35.08
2026-04-12 18:01:56,61.00,26.79,35.08
2026-04-12 18:01:56,61.25,26.82,35.08
2026-04-12 18:01:57,61.25,26.79,35.11
2026-04-12 18:01:58,61.25,26.82,35.11
2026-04-12 18:01:58,61.25,26.79,35.11
2026-04-12 18:01:59,61.25,26.79,35.11
2026-04-12 18:02:00,61.50,26.82,35.15
2026-04-12 18:02:00,61.50,26.82,35.11
2026-04-12 18:02:01,61.50,26.82,35.15
2026-04-12 18:02:02,61.50,26.82,35.15
2026-04-12 18:02:02,61.50,26.79,35.18
2026-04-12 18:02:03,61.50,26.82,35.18
2026-04-12 18:02:04,61.75,26.82,35.18
2026-04-12 18:02:04,61.75,26.82,35.18
2026-04-12 18:02:05,61.75,26.82,35.22
2026-04-12 18:02:06,61.75,26.86,35.22
2026-04-12 18:02:06,61.75,26.86,35.22
2026-04-12 18:02:07,61.75,26.82,35.25
2026-04-12 18:02:08,61.75,26.86,35.25
2026-04-12 18:02:08,62.00,26.82,35.28
2026-04-12 18:02:09,62.00,26.86,35.28
2026-04-12 18:02:09,62.00,26.86,35.28
2026-04-12 18:02:10,62.00,26.86,35.28
2026-04-12 18:02:11,62.00,26.86,35.32
2026-04-12 18:02:11,62.00,26.86,35.32
2026-04-12 18:02:12,62.00,26.86,35.32
2026-04-12 18:02:13,62.25,26.86,35.35
2026-04-12 18:02:13,62.25,26.86,35.32
2026-04-12 18:02:14,62.25,26.86,35.35
2026-04-12 18:02:15,62.25,26.86,35.35
2026-04-12 18:02:15,62.25,26.89,35.39
2026-04-12 18:02:16,62.25,26.86,35.42
2026-04-12 18:02:17,62.50,26.89,35.39
2026-04-12 18:02:17,62.25,26.89,35.39
2026-04-12 18:02:18,62.25,26.89,35.42
2026-04-12 18:02:19,62.50,26.89,35.45
2026-04-12 18:02:19,62.50,26.86,35.42
2026-04-12 18:02:20,62.50,26.89,35.45
2026-04-12 18:02:21,62.50,26.89,35.49
2026-04-12 18:02:21,62.50,26.86,35.45
2026-04-12 18:02:22,62.50,26.89,35.49
2026-04-12 18:02:23,62.75,26.89,35.52
2026-04-12 18:02:23,62.75,26.89,35.49
2026-04-12 18:02:24,62.75,26.86,35.49
2026-04-12 18:02:25,62.75,26.86,35.56
2026-04-12 18:02:25,62.75,26.89,35.56
2026-04-12 18:02:26,62.75,26.89,35.56
2026-04-12 18:02:27,62.75,26.89,35.56
2026-04-12 18:02:27,62.75,26.89,35.56
2026-04-12 18:02:28,62.75,26.89,35.59
2026-04-12 18:02:29,63.00,26.89,35.59
2026-04-12 18:02:29,63.00,26.89,35.62
2026-04-12 18:02:30,63.00,26.86,35.62
2026-04-12 18:02:30,63.00,26.89,35.66
2026-04-12 18:02:31,63.00,26.92,35.62
2026-04-12 18:02:32,63.00,26.89,35.66
2026-04-12 18:02:32,63.00,26.96,35.69
2026-04-12 18:02:33,63.25,26.89,35.66
2026-04-12 18:02:34,63.00,26.92,35.69
2026-04-12 18:02:34,63.25,26.92,35.69
2026-04-12 18:02:35,63.25,26.92,35.73
2026-04-12 18:02:36,63.25,26.89,35.73
2026-04-12 18:02:36,63.25,26.92,35.73
2026-04-12 18:02:37,63.25,26.92,35.76
2026-04-12 18:02:38,63.25,26.92,35.73
2026-04-12 18:02:38,63.25,26.92,35.73
2026-04-12 18:02:39,63.25,26.89,35.76
2026-04-12 18:02:40,63.50,26.92,35.79
2026-04-12 18:02:40,63.50,26.92,35.79
2026-04-12 18:02:41,63.50,26.92,35.79
2026-04-12 18:02:42,63.50,26.92,35.79
2026-04-12 18:02:42,63.50,26.92,35.83
2026-04-12 18:02:43,63.50,26.92,35.83
2026-04-12 18:02:44,63.50,26.92,35.86
2026-04-12 18:02:44,63.50,26.92,35.86
2026-04-12 18:02:45,63.50,26.92,35.86
2026-04-12 18:02:46,63.50,26.96,35.90
2026-04-12 18:02:46,63.50,26.92,35.86
2026-04-12 18:02:47,63.75,26.92,35.90
2026-04-12 18:02:48,63.75,26.92,35.93
2026-04-12 18:02:48,63.75,26.96,35.90
2026-04-12 18:02:49,63.75,26.96,35.93
2026-04-12 18:02:49,63.75,26.96,35.93
2026-04-12 18:02:50,63.75,26.96,35.96
2026-04-12 18:02:51,63.75,26.92,35.96
2026-04-12 18:02:51,63.75,26.96,35.96
2026-04-12 18:02:52,63.75,26.92,35.96
2026-04-12 18:02:53,63.75,26.96,36.00
2026-04-12 18:02:53,64.00,26.96,35.96
2026-04-12 18:02:54,64.00,26.96,36.03
2026-04-12 18:02:55,64.00,26.96,36.00
2026-04-12 18:02:55,64.00,26.96,36.03
2026-04-12 18:02:56,64.00,26.96,36.03
2026-04-12 18:02:57,64.00,26.96,36.07
2026-04-12 18:02:57,64.00,26.96,36.07
2026-04-12 18:02:58,64.00,26.96,36.10
2026-04-12 18:02:59,64.00,26.96,36.07
2026-04-12 18:02:59,64.00,26.92,36.10
2026-04-12 18:03:00,64.00,26.92,36.13
2026-04-12 18:03:01,64.00,26.96,36.10
2026-04-12 18:03:01,64.00,26.96,36.13
2026-04-12 18:03:02,64.00,26.96,36.13
2026-04-12 18:03:03,64.00,26.92,36.13
2026-04-12 18:03:03,64.25,26.99,36.17
2026-04-12 18:03:04,64.25,26.96,36.17
2026-04-12 18:03:05,64.25,26.99,36.17
2026-04-12 18:03:05,64.25,26.99,36.13
2026-04-12 18:03:06,64.25,26.99,36.17
2026-04-12 18:03:07,64.25,26.96,36.20
2026-04-12 18:03:07,64.25,26.99,36.20
2026-04-12 18:03:08,64.25,26.96,36.20
2026-04-12 18:03:09,64.25,26.96,36.23
2026-04-12 18:03:09,64.25,26.99,36.23
2026-04-12 18:03:10,64.25,27.03,36.27
2026-04-12 18:03:11,64.25,26.99,36.27
2026-04-12 18:03:11,64.50,26.99,36.27
2026-04-12 18:03:12,64.50,26.99,36.27
2026-04-12 18:03:13,64.50,26.96,36.27
2026-04-12 18:03:13,64.50,26.99,36.30
2026-04-12 18:03:14,64.50,26.96,36.30
2026-04-12 18:03:14,64.50,26.99,36.30
2026-04-12 18:03:15,64.50,26.99,36.30
2026-04-12 18:03:16,64.50,26.99,36.34
2026-04-12 18:03:16,64.50,26.99,36.34
2026-04-12 18:03:17,64.50,26.99,36.37
2026-04-12 18:03:18,64.50,26.99,36.34
2026-04-12 18:03:18,64.50,26.99,36.34
2026-04-12 18:03:19,64.50,26.99,36.37
2026-04-12 18:03:20,64.50,26.99,36.37
2026-04-12 18:03:20,64.50,26.99,36.40
2026-04-12 18:03:21,64.75,26.99,36.37
2026-04-12 18:03:22,64.50,26.99,36.44
2026-04-12 18:03:22,64.75,26.99,36.40
2026-04-12 18:03:23,64.50,26.99,36.37
2026-04-12 18:03:24,64.75,26.99,36.40
2026-04-12 18:03:24,64.75,26.99,36.40
2026-04-12 18:03:25,64.75,27.03,36.44
2026-04-12 18:03:26,64.75,26.99,36.47
2026-04-12 18:03:26,64.75,26.99,36.47
2026-04-12 18:03:27,64.75,26.99,36.47
2026-04-12 18:03:28,64.75,27.03,36.47
2026-04-12 18:03:28,64.75,26.99,36.47
2026-04-12 18:03:29,65.00,26.99,36.47
2026-04-12 18:03:30,65.00,26.99,36.51
2026-04-12 18:03:30,65.00,26.99,36.47
2026-04-12 18:03:31,65.00,26.99,36.51
2026-04-12 18:03:32,65.00,26.99,36.54
2026-04-12 18:03:32,65.00,26.99,36.54
2026-04-12 18:03:33,65.00,26.96,36.54
2026-04-12 18:03:34,65.00,26.99,36.54
2026-04-12 18:03:34,65.00,26.96,36.54
2026-04-12 18:03:35,65.00,26.99,36.57
2026-04-12 18:03:36,65.00,26.99,36.57
2026-04-12 18:03:36,65.00,26.99,36.57
2026-04-12 18:03:37,65.00,26.96,36.57
2026-04-12 18:03:38,65.00,26.99,36.61
2026-04-12 18:03:38,65.00,26.96,36.57
2026-04-12 18:03:39,65.00,26.99,36.61
2026-04-12 18:03:40,65.00,26.96,36.61
2026-04-12 18:03:40,65.25,26.96,36.64
2026-04-12 18:03:41,65.00,27.03,36.64
2026-04-12 18:03:41,65.25,26.99,36.64
2026-04-12 18:03:42,65.00,26.96,36.64
2026-04-12 18:03:43,65.25,26.96,36.68
2026-04-12 18:03:43,65.25,26.96,36.68
2026-04-12 18:03:44,65.25,26.99,36.68
2026-04-12 18:03:45,65.25,26.96,36.68
2026-04-12 18:03:45,65.25,26.99,36.68
2026-04-12 18:03:46,65.25,26.99,36.68
2026-04-12 18:03:47,65.25,26.99,36.71
2026-04-12 18:03:47,65.25,26.99,36.71
2026-04-12 18:03:48,65.25,26.99,36.71
2026-04-12 18:03:49,65.25,26.99,36.74
2026-04-12 18:03:49,65.25,26.99,36.71
2026-04-12 18:03:50,65.25,26.99,36.74
2026-04-12 18:03:51,65.50,26.99,36.74
2026-04-12 18:03:51,65.25,26.99,36.74
2026-04-12 18:03:52,65.50,27.03,36.74
2026-04-12 18:03:53,65.25,27.03,36.74
2026-04-12 18:03:53,65.50,27.03,36.78
2026-04-12 18:03:54,65.25,27.03,36.78
2026-04-12 18:03:55,65.25,27.03,36.78
2026-04-12 18:03:55,65.50,27.03,36.78
2026-04-12 18:03:56,65.50,27.03,36.81
2026-04-12 18:03:57,65.50,27.03,36.78
2026-04-12 18:03:57,65.50,27.03,36.81
2026-04-12 18:03:58,65.50,27.03,36.85
2026-04-12 18:03:59,65.50,27.03,36.85
2026-04-12 18:03:59,65.50,27.03,36.85
2026-04-12 18:04:00,65.50,27.03,36.85
2026-04-12 18:04:01,65.50,27.03,36.85
2026-04-12 18:04:01,65.50,27.03,36.88
2026-04-12 18:04:02,65.50,27.03,36.85
2026-04-12 18:04:03,65.50,27.03,36.85
2026-04-12 18:04:03,65.50,27.03,36.88
2026-04-12 18:04:04,65.50,27.03,36.85
2026-04-12 18:04:05,65.50,27.03,36.88
2026-04-12 18:04:05,65.50,27.03,36.88
2026-04-12 18:04:06,65.50,27.03,36.91
2026-04-12 18:04:06,65.50,27.06,36.88
2026-04-12 18:04:07,65.50,27.03,36.91
2026-04-12 18:04:08,65.50,27.06,36.91
2026-04-12 18:04:08,65.50,27.03,36.88
2026-04-12 18:04:09,65.50,27.09,36.95
2026-04-12 18:04:10,65.50,27.06,36.91
2026-04-12 18:04:10,65.50,27.06,36.91
2026-04-12 18:04:11,65.75,27.03,36.95
2026-04-12 18:04:12,65.75,27.03,36.95
2026-04-12 18:04:12,65.75,27.06,36.91
2026-04-12 18:04:13,65.75,27.03,36.95
2026-04-12 18:04:14,65.75,27.06,36.95
2026-04-12 18:04:14,65.75,27.06,36.98
2026-04-12 18:04:15,65.75,27.03,36.98
2026-04-12 18:04:16,65.75,27.06,36.98
2026-04-12 18:04:16,65.75,27.03,36.98
2026-04-12 18:04:17,65.75,27.06,36.95
2026-04-12 18:04:18,65.75,27.06,36.98
2026-04-12 18:04:18,65.75,27.06,36.95
2026-04-12 18:04:19,65.75,27.06,36.98
2026-04-12 18:04:20,65.75,27.06,36.98
2026-04-12 18:04:20,65.75,27.06,37.02
2026-04-12 18:04:21,65.75,27.06,36.98
2026-04-12 18:04:22,65.75,27.09,37.02
2026-04-12 18:04:22,65.75,27.09,37.02
2026-04-12 18:04:23,65.75,27.09,37.02
2026-04-12 18:04:24,65.75,27.06,37.05
2026-04-12 18:04:24,65.75,27.06,37.02
2026-04-12 18:04:25,65.75,27.06,37.05
2026-04-12 18:04:26,65.75,27.06,37.02
2026-04-12 18:04:26,66.00,27.09,37.02
2026-04-12 18:04:27,65.75,27.09,37.05
2026-04-12 18:04:28,65.75,27.06,37.05
2026-04-12 18:04:28,66.00,27.09,37.05
2026-04-12 18:04:29,66.00,27.06,37.08
2026-04-12 18:04:29,66.00,27.09,37.05
2026-04-12 18:04:30,66.00,27.06,37.05
2026-04-12 18:04:31,66.00,27.06,37.05
2026-04-12 18:04:31,66.00,27.09,37.08
2026-04-12 18:04:32,66.00,27.09,37.08
2026-04-12 18:04:33,66.00,27.09,37.08
2026-04-12 18:04:33,66.00,27.09,37.08
2026-04-12 18:04:34,66.00,27.09,37.12
2026-04-12 18:04:35,66.00,27.09,37.12
2026-04-12 18:04:35,66.00,27.06,37.12
2026-04-12 18:04:36,66.00,27.09,37.08
2026-04-12 18:04:37,66.00,27.06,37.12
2026-04-12 18:04:37,66.00,27.09,37.12
2026-04-12 18:04:38,66.00,27.13,37.15
2026-04-12 18:04:39,66.00,27.09,37.12
2026-04-12 18:04:39,66.00,27.09,37.15
2026-04-12 18:04:40,66.00,27.09,37.12
2026-04-12 18:04:41,66.00,27.09,37.15
2026-04-12 18:04:41,66.00,27.09,37.12
2026-04-12 18:04:42,66.00,27.09,37.15
2026-04-12 18:04:43,66.00,27.09,37.15
2026-04-12 18:04:43,66.00,27.09,37.15
2026-04-12 18:04:44,66.00,27.09,37.15
2026-04-12 18:04:45,66.25,27.09,37.19
2026-04-12 18:04:45,66.25,27.13,37.15
2026-04-12 18:04:46,66.25,27.09,37.19
2026-04-12 18:04:47,66.25,27.09,37.19
2026-04-12 18:04:47,66.25,27.09,37.19
2026-04-12 18:04:48,66.25,27.09,37.22
2026-04-12 18:04:49,66.25,27.09,37.19
2026-04-12 18:04:49,66.25,27.09,37.19
2026-04-12 18:04:50,66.25,27.09,37.19
2026-04-12 18:04:51,66.25,27.09,37.19
2026-04-12 18:04:51,66.25,27.09,37.22
2026-04-12 18:04:52,66.25,27.09,37.22
2026-04-12 18:04:52,66.25,27.09,37.22
2026-04-12 18:04:53,66.25,27.09,37.22
2026-04-12 18:04:54,66.25,27.09,37.19
2026-04-12 18:04:54,66.25,27.09,37.22
2026-04-12 18:04:55,66.25,27.09,37.22
2026-04-12 18:04:56,66.25,27.09,37.22
2026-04-12 18:04:56,66.25,27.09,37.22
2026-04-12 18:04:57,66.25,27.09,37.25
2026-04-12 18:04:58,66.25,27.09,37.22
2026-04-12 18:04:58,66.25,27.09,37.25
2026-04-12 18:04:59,66.25,27.13,37.25
2026-04-12 18:05:00,66.25,27.09,37.25
2026-04-12 18:05:00,66.25,27.13,37.22
2026-04-12 18:05:01,66.25,27.13,37.29
2026-04-12 18:05:02,66.25,27.09,37.25
2026-04-12 18:05:02,66.25,27.09,37.29
2026-04-12 18:05:03,66.25,27.13,37.29
2026-04-12 18:05:04,66.25,27.13,37.29
2026-04-12 18:05:04,66.25,27.13,37.25
2026-04-12 18:05:05,66.25,27.09,37.25
2026-04-12 18:05:06,66.25,27.13,37.29
2026-04-12 18:05:06,66.25,27.13,37.29
2026-04-12 18:05:07,66.25,27.09,37.29
2026-04-12 18:05:08,66.25,27.13,37.29
2026-04-12 18:05:08,66.25,27.13,37.32
2026-04-12 18:05:09,66.25,27.13,37.32
2026-04-12 18:05:10,66.25,27.09,37.32
2026-04-12 18:05:10,66.25,27.09,37.32
2026-04-12 18:05:11,66.25,27.09,37.32
2026-04-12 18:05:12,66.25,27.09,37.32
2026-04-12 18:05:12,66.25,27.09,37.32
2026-04-12 18:05:13,66.25,27.09,37.36
2026-04-12 18:05:14,66.50,27.09,37.36
2026-04-12 18:05:14,66.25,27.09,37.32
2026-04-12 18:05:15,66.25,27.13,37.36
2026-04-12 18:05:16,66.25,27.13,37.32
2026-04-12 18:05:16,66.50,27.13,37.36
2026-04-12 18:05:17,66.25,27.13,37.36
2026-04-12 18:05:17,66.50,27.13,37.36
2026-04-12 18:05:18,66.50,27.09,37.36
2026-04-12 18:05:19,66.50,27.09,37.36
2026-04-12 18:05:19,66.50,27.13,37.36
2026-04-12 18:05:20,66.50,27.13,37.39
2026-04-12 18:05:21,66.25,27.13,37.36
2026-04-12 18:05:21,66.50,27.13,37.39
2026-04-12 18:05:22,66.50,27.13,37.39
2026-04-12 18:05:23,66.25,27.13,37.36
2026-04-12 18:05:23,66.50,27.09,37.42
2026-04-12 18:05:24,66.50,27.13,37.39
2026-04-12 18:05:25,66.50,27.09,37.39
2026-04-12 18:05:25,66.50,27.13,37.39
2026-04-12 18:05:26,66.50,27.13,37.39
2026-04-12 18:05:27,66.50,27.13,37.39
2026-04-12 18:05:27,66.50,27.13,37.39
2026-04-12 18:05:28,66.50,27.13,37.42
2026-04-12 18:05:29,66.50,27.13,37.42
2026-04-12 18:05:29,66.50,27.13,37.42
2026-04-12 18:05:30,66.50,27.13,37.42
2026-04-12 18:05:31,66.50,27.13,37.42
2026-04-12 18:05:31,66.50,27.09,37.46
2026-04-12 18:05:32,66.50,27.13,37.46
2026-04-12 18:05:33,66.50,27.13,37.42
2026-04-12 18:05:33,66.50,27.09,37.42
2026-04-12 18:05:34,66.50,27.13,37.42
2026-04-12 18:05:35,66.50,27.16,37.42
2026-04-12 18:05:35,66.50,27.13,37.46
2026-04-12 18:05:36,66.50,27.13,37.46
2026-04-12 18:05:37,66.50,27.13,37.42
2026-04-12 18:05:37,66.50,27.16,37.42
2026-04-12 18:05:38,66.50,27.16,37.46
2026-04-12 18:05:38,66.50,27.09,37.46
2026-04-12 18:05:39,66.50,27.09,37.49
2026-04-12 18:05:40,66.50,27.13,37.46
2026-04-12 18:05:40,66.50,27.13,37.49
2026-04-12 18:05:41,66.50,27.16,37.46
2026-04-12 18:05:42,66.50,27.13,37.49
2026-04-12 18:05:42,66.50,27.13,37.49
2026-04-12 18:05:43,66.50,27.13,37.46
2026-04-12 18:05:44,66.50,27.13,37.49
2026-04-12 18:05:44,66.50,27.09,37.49
2026-04-12 18:05:45,66.50,27.16,37.49
2026-04-12 18:05:46,66.50,27.13,37.49
2026-04-12 18:05:46,66.50,27.13,37.52
2026-04-12 18:05:47,66.50,27.13,37.49
2026-04-12 18:05:48,66.50,27.16,37.49
2026-04-12 18:05:48,66.50,27.13,37.49
2026-04-12 18:05:49,66.50,27.13,37.52
2026-04-12 18:05:50,66.50,27.13,37.49
2026-04-12 18:05:50,66.50,27.16,37.52
2026-04-12 18:05:51,66.75,27.16,37.52
2026-04-12 18:05:52,66.50,27.16,37.52
2026-04-12 18:05:52,66.50,27.16,37.52
2026-04-12 18:05:53,66.50,27.16,37.52
2026-04-12 18:05:54,66.50,27.13,37.49
2026-04-12 18:05:54,66.50,27.13,37.52
2026-04-12 18:05:55,66.75,27.16,37.52
2026-04-12 18:05:56,66.75,27.13,37.56
2026-04-12 18:05:56,66.75,27.13,37.52
2026-04-12 18:05:57,66.50,27.13,37.52
2026-04-12 18:05:58,66.75,27.16,37.56
2026-04-12 18:05:58,66.50,27.13,37.52
2026-04-12 18:05:59,66.50,27.16,37.52
2026-04-12 18:05:59,66.50,27.13,37.52
2026-04-12 18:06:00,66.75,27.13,37.56
2026-04-12 18:06:01,66.50,27.16,37.52
2026-04-12 18:06:01,66.75,27.13,37.56
2026-04-12 18:06:02,66.75,27.13,37.56
2026-04-12 18:06:03,66.75,27.13,37.52
2026-04-12 18:06:03,66.75,27.16,37.56
2026-04-12 18:06:04,66.75,27.13,37.56
2026-04-12 18:06:05,66.75,27.13,37.52
2026-04-12 18:06:05,66.75,27.13,37.56
2026-04-12 18:06:06,66.75,27.16,37.59
2026-04-12 18:06:07,66.75,27.13,37.56
2026-04-12 18:06:07,66.75,27.16,37.56
2026-04-12 18:06:08,66.75,27.16,37.56
2026-04-12 18:06:09,66.75,27.16,37.59
2026-04-12 18:06:09,66.75,27.16,37.56
2026-04-12 18:06:10,66.75,27.16,37.59
2026-04-12 18:06:11,66.75,27.13,37.56
2026-04-12 18:06:11,66.75,27.16,37.56
2026-04-12 18:06:12,66.75,27.16,37.56
2026-04-12 18:06:13,66.75,27.16,37.59
2026-04-12 18:06:13,66.50,27.13,37.59
2026-04-12 18:06:14,66.75,27.16,37.56
2026-04-12 18:06:15,66.75,27.13,37.59
2026-04-12 18:06:15,66.75,27.16,37.59
2026-04-12 18:06:16,66.75,27.13,37.59
2026-04-12 18:06:17,66.75,27.16,37.59
2026-04-12 18:06:17,66.75,27.16,37.59
2026-04-12 18:06:18,66.50,27.16,37.59
2026-04-12 18:06:19,66.75,27.16,37.59
2026-04-12 18:06:19,66.75,27.16,37.63
2026-04-12 18:06:20,66.75,27.16,37.59
2026-04-12 18:06:20,66.75,27.16,37.63
2026-04-12 18:06:21,66.75,27.16,37.63
2026-04-12 18:06:22,66.75,27.16,37.63
2026-04-12 18:06:22,66.75,27.16,37.59
2026-04-12 18:06:23,66.75,27.16,37.63
2026-04-12 18:06:24,66.75,27.13,37.63
2026-04-12 18:06:24,66.75,27.16,37.63
2026-04-12 18:06:25,66.75,27.16,37.63
2026-04-12 18:06:26,66.75,27.16,37.66
2026-04-12 18:06:26,66.75,27.16,37.59
2026-04-12 18:06:27,66.75,27.16,37.63
2026-04-12 18:06:28,66.75,27.16,37.66
2026-04-12 18:06:28,66.75,27.16,37.63
2026-04-12 18:06:29,66.75,27.16,37.63
2026-04-12 18:06:30,66.75,27.16,37.63
2026-04-12 18:06:30,66.75,27.16,37.63
2026-04-12 18:06:31,66.75,27.16,37.66
2026-04-12 18:06:32,66.75,27.16,37.66
2026-04-12 18:06:32,66.75,27.16,37.66
2026-04-12 18:06:33,66.75,27.13,37.66
2026-04-12 18:06:34,66.75,27.13,37.63
2026-04-12 18:06:34,66.75,27.16,37.66
2026-04-12 18:06:35,66.75,27.16,37.66
2026-04-12 18:06:36,66.75,27.16,37.63
2026-04-12 18:06:36,66.75,27.13,37.66
2026-04-12 18:06:37,66.75,27.16,37.63
2026-04-12 18:06:38,66.75,27.16,37.66
2026-04-12 18:06:38,66.75,27.13,37.63
2026-04-12 18:06:39,66.75,27.16,37.66
2026-04-12 18:06:40,66.75,27.16,37.63
2026-04-12 18:06:40,66.75,27.13,37.69
2026-04-12 18:06:41,66.75,27.16,37.69
2026-04-12 18:06:41,66.75,27.16,37.66
2026-04-12 18:06:42,66.75,27.16,37.66
2026-04-12 18:06:43,66.75,27.16,37.66
2026-04-12 18:06:43,66.75,27.16,37.66
2026-04-12 18:06:44,66.75,27.19,37.66
2026-04-12 18:06:45,66.75,27.19,37.69
2026-04-12 18:06:45,66.75,27.19,37.66
2026-04-12 18:06:46,66.75,27.16,37.66
2026-04-12 18:06:47,66.75,27.16,37.66
2026-04-12 18:06:47,66.75,27.16,37.69
2026-04-12 18:06:48,66.75,27.16,37.66
2026-04-12 18:06:49,66.75,27.16,37.66
2026-04-12 18:06:49,66.75,27.16,37.69
2026-04-12 18:06:50,66.75,27.19,37.69
2026-04-12 18:06:51,66.75,27.16,37.66
2026-04-12 18:06:51,66.75,27.16,37.69
2026-04-12 18:06:52,66.75,27.16,37.69
2026-04-12 18:06:53,66.75,27.19,37.69
2026-04-12 18:06:53,66.75,27.16,37.66
2026-04-12 18:06:54,66.75,27.16,37.66
2026-04-12 18:06:55,66.75,27.16,37.66
2026-04-12 18:06:55,66.75,27.16,37.66
2026-04-12 18:06:56,66.75,27.16,37.69
2026-04-12 18:06:57,66.75,27.16,37.73
2026-04-12 18:06:57,66.75,27.16,37.69
2026-04-12 18:06:58,66.75,27.16,37.66
2026-04-12 18:06:59,66.75,27.16,37.69
2026-04-12 18:06:59,66.75,27.16,37.69
2026-04-12 18:07:00,66.75,27.19,37.69
2026-04-12 18:07:01,66.75,27.16,37.69
2026-04-12 18:07:01,66.75,27.16,37.69
2026-04-12 18:07:02,66.75,27.19,37.69
2026-04-12 18:07:02,66.75,27.16,37.73
2026-04-12 18:07:03,66.75,27.16,37.69
2026-04-12 18:07:04,66.75,27.16,37.69
2026-04-12 18:07:04,66.75,27.16,37.73
2026-04-12 18:07:05,66.75,27.16,37.69
2026-04-12 18:07:06,66.75,27.16,37.69
2026-04-12 18:07:06,66.75,27.16,37.73
2026-04-12 18:07:07,66.75,27.19,37.69
2026-04-12 18:07:08,66.75,27.19,37.69
2026-04-12 18:07:08,66.75,27.19,37.69
2026-04-12 18:07:09,66.75,27.16,37.73
2026-04-12 18:07:10,66.75,27.16,37.73
2026-04-12 18:07:10,66.75,27.19,37.73
2026-04-12 18:07:11,66.75,27.16,37.73
2026-04-12 18:07:12,66.75,27.16,37.73
2026-04-12 18:07:12,66.75,27.19,37.73
2026-04-12 18:07:13,66.75,27.19,37.73
2026-04-12 18:07:14,66.75,27.19,37.76
2026-04-12 18:07:14,66.75,27.16,37.69
2026-04-12 18:07:15,66.75,27.16,37.73
2026-04-12 18:07:16,66.75,27.16,37.73
2026-04-12 18:07:16,66.75,27.16,37.73
2026-04-12 18:07:17,66.75,27.16,37.73
2026-04-12 18:07:18,66.75,27.16,37.76
2026-04-12 18:07:18,66.75,27.16,37.73
2026-04-12 18:07:19,66.75,27.16,37.73
2026-04-12 18:07:20,66.75,27.16,37.73
2026-04-12 18:07:20,66.75,27.13,37.73
2026-04-12 18:07:21,66.75,27.16,37.76
2026-04-12 18:07:22,66.75,27.16,37.73
2026-04-12 18:07:22,66.75,27.16,37.76
2026-04-12 18:07:23,66.75,27.19,37.76
2026-04-12 18:07:24,66.75,27.16,37.73
2026-04-12 18:07:24,66.75,27.19,37.76
2026-04-12 18:07:25,66.75,27.16,37.76
2026-04-12 18:07:25,66.75,27.16,37.76
2026-04-12 18:07:26,66.75,27.16,37.76
2026-04-12 18:07:27,66.75,27.19,37.76
2026-04-12 18:07:27,66.75,27.16,37.76
2026-04-12 18:07:28,66.75,27.16,37.76
2026-04-12 18:07:29,66.75,27.19,37.80
2026-04-12 18:07:29,66.75,27.16,37.76
2026-04-12 18:07:30,66.75,27.16,37.76
2026-04-12 18:07:31,66.75,27.19,37.76
2026-04-12 18:07:31,66.75,27.16,37.76
2026-04-12 18:07:32,66.75,27.19,37.76
2026-04-12 18:07:33,66.75,27.16,37.76
2026-04-12 18:07:33,66.75,27.16,37.76
2026-04-12 18:07:34,66.75,27.16,37.76
2026-04-12 18:07:35,66.75,27.16,37.76
2026-04-12 18:07:35,66.75,27.16,37.76
2026-04-12 18:07:36,66.75,27.19,37.76
2026-04-12 18:07:37,66.75,27.19,37.83
2026-04-12 18:07:37,66.75,27.16,37.76
2026-04-12 18:07:38,66.75,27.19,37.80
2026-04-12 18:07:39,66.75,27.16,37.76
2026-04-12 18:07:39,66.75,27.16,37.80
2026-04-12 18:07:40,66.75,27.16,37.80
2026-04-12 18:07:41,66.75,27.16,37.80
2026-04-12 18:07:41,66.75,27.16,37.80
2026-04-12 18:07:42,66.75,27.16,37.80
2026-04-12 18:07:43,66.75,27.13,37.80
2026-04-12 18:07:43,66.75,27.16,37.80
2026-04-12 18:07:44,66.75,27.13,37.80
2026-04-12 18:07:45,66.75,27.13,37.83
2026-04-12 18:07:45,66.75,27.16,37.83
2026-04-12 18:07:46,66.75,27.13,37.83
2026-04-12 18:07:47,66.75,27.16,37.83
2026-04-12 18:07:47,66.75,27.13,37.80
2026-04-12 18:07:48,66.75,27.13,37.83
2026-04-12 18:07:48,66.75,27.16,37.80
2026-04-12 18:07:49,66.75,27.13,37.80
2026-04-12 18:07:50,66.75,27.16,37.83
2026-04-12 18:07:50,66.75,27.16,37.83
2026-04-12 18:07:51,66.75,27.16,37.80
2026-04-12 18:07:52,66.75,27.16,37.80
2026-04-12 18:07:52,66.75,27.16,37.80
2026-04-12 18:07:53,66.75,27.16,37.80
2026-04-12 18:07:54,66.75,27.19,37.80
2026-04-12 18:07:54,66.75,27.16,37.83
2026-04-12 18:07:55,66.75,27.16,37.83
2026-04-12 18:07:56,66.75,27.19,37.83
2026-04-12 18:07:56,66.75,27.19,37.83
2026-04-12 18:07:57,66.75,27.16,37.80
2026-04-12 18:07:58,66.75,27.16,37.83
2026-04-12 18:07:58,66.75,27.19,37.80
2026-04-12 18:07:59,66.75,27.16,37.83
2026-04-12 18:08:00,66.75,27.19,37.83
2026-04-12 18:08:00,66.75,27.19,37.83
2026-04-12 18:08:01,66.75,27.19,37.86
2026-04-12 18:08:02,66.75,27.19,37.83
2026-04-12 18:08:02,66.75,27.19,37.83
2026-04-12 18:08:03,66.75,27.16,37.80
2026-04-12 18:08:04,66.75,27.19,37.83
2026-04-12 18:08:04,66.75,27.23,37.86
2026-04-12 18:08:05,66.75,27.19,37.80
2026-04-12 18:08:06,66.75,27.19,37.80
2026-04-12 18:08:06,66.75,27.19,37.76
2026-04-12 18:08:07,66.75,27.19,37.76
2026-04-12 18:08:08,66.75,27.19,37.76
2026-04-12 18:08:08,66.75,27.19,37.73
2026-04-12 18:08:09,66.75,27.16,37.69
2026-04-12 18:08:10,66.75,27.19,37.66
2026-04-12 18:08:10,66.75,27.16,37.63
2026-04-12 18:08:11,66.75,27.16,37.59
2026-04-12 18:08:11,66.50,27.16,37.52
2026-04-12 18:08:12,66.50,27.16,37.49
2026-04-12 18:08:13,66.25,27.16,37.49
2026-04-12 18:08:13,66.00,27.16,37.42
2026-04-12 18:08:14,65.75,27.13,37.39
