timestamp,typeK_C,rtd1_C,rtd2_C,rtd3_C,pressure1,pressure2,P_in_W,P_out_W
2026-04-22 19:25:43,26.25,23.85,24.27,24.15,0.174,0.426,-1.15,0.48
2026-04-22 19:25:43,26.25,23.85,24.27,24.15,0.172,0.430,-1.15,0.48
2026-04-22 19:25:44,26.25,23.85,24.27,24.15,0.175,0.428,-1.15,0.48
2026-04-22 19:25:45,26.25,23.85,24.27,24.15,0.172,0.431,-1.15,0.48
2026-04-22 19:25:46,26.25,23.89,24.24,24.18,0.172,0.430,-1.15,0.22
2026-04-22 19:25:46,26.25,23.89,24.27,24.15,0.172,0.427,-1.02,0.48
2026-04-22 19:25:47,26.25,23.89,24.27,24.15,0.175,0.428,-1.02,0.48
2026-04-22 19:25:48,26.25,23.89,24.27,24.18,0.175,0.427,-1.15,0.35
2026-04-22 19:25:49,26.25,23.89,24.27,24.15,0.175,0.428,-1.02,0.48
2026-04-22 19:25:49,26.25,23.89,24.27,24.18,0.172,0.431,-1.15,0.35
2026-04-22 19:25:50,26.25,23.85,24.27,24.18,0.175,0.428,-1.28,0.35
2026-04-22 19:25:51,26.25,23.89,24.27,24.15,0.175,0.430,-1.02,0.48
2026-04-22 19:25:52,26.25,23.89,24.27,24.15,0.175,0.430,-1.02,0.48
2026-04-22 19:25:53,26.25,23.89,24.27,24.15,0.177,0.430,-1.02,0.48
2026-04-22 19:25:53,26.25,23.89,24.27,24.18,0.178,0.431,-1.15,0.35
2026-04-22 19:25:54,26.25,23.89,24.27,24.15,0.175,0.427,-1.02,0.48
2026-04-22 19:25:55,26.25,23.85,24.31,24.15,0.172,0.430,-1.15,0.61
2026-04-22 19:25:56,26.25,23.89,24.27,24.15,0.177,0.430,-1.02,0.48
2026-04-22 19:25:56,26.25,23.89,24.27,24.18,0.178,0.427,-1.15,0.35
2026-04-22 19:25:57,26.25,23.89,24.27,24.15,0.177,0.427,-1.02,0.48
2026-04-22 19:25:58,26.25,23.85,24.27,24.15,0.177,0.428,-1.15,0.48
2026-04-22 19:25:59,26.25,23.92,24.27,24.15,0.178,0.431,-0.89,0.48
2026-04-22 19:25:59,26.25,23.85,24.27,24.15,0.178,0.428,-1.15,0.48
2026-04-22 19:26:00,26.25,23.89,24.27,24.15,0.174,0.428,-1.02,0.48
2026-04-22 19:26:01,26.25,23.89,24.27,24.15,0.175,0.428,-1.02,0.48
2026-04-22 19:26:02,26.00,23.85,24.27,24.15,0.177,0.428,-1.15,0.48
2026-04-22 19:26:02,26.25,23.85,24.27,24.15,0.179,0.428,-1.15,0.48
2026-04-22 19:26:03,26.00,23.85,24.31,24.15,0.175,0.430,-1.15,0.61
2026-04-22 19:26:04,26.25,23.89,24.27,24.15,0.175,0.430,-1.02,0.48
2026-04-22 19:26:05,26.25,23.85,24.27,24.15,0.178,0.430,-1.15,0.48
2026-04-22 19:26:05,26.25,23.89,24.27,24.15,0.177,0.431,-1.02,0.48
2026-04-22 19:26:06,26.25,23.85,24.27,24.18,0.225,0.423,-1.28,0.35
2026-04-22 19:26:07,26.25,23.89,24.31,24.18,0.273,0.426,-1.15,0.48
2026-04-22 19:26:08,26.00,23.85,24.27,24.15,0.285,0.426,-1.15,0.48
2026-04-22 19:26:09,26.25,23.85,24.27,24.15,0.288,0.427,-1.15,0.48
2026-04-22 19:26:09,26.25,23.89,24.27,24.15,0.299,0.427,-1.02,0.48
2026-04-22 19:26:10,26.25,23.89,24.27,24.15,0.306,0.427,-1.02,0.48
2026-04-22 19:26:11,26.25,23.92,24.27,24.15,0.317,0.428,-0.89,0.48
2026-04-22 19:26:12,26.25,23.85,24.27,24.18,0.331,0.428,-1.28,0.35
2026-04-22 19:26:12,26.25,23.89,24.27,24.18,0.341,0.427,-1.15,0.35
2026-04-22 19:26:13,26.25,23.89,24.27,24.15,0.352,0.427,-1.02,0.48
2026-04-22 19:26:14,26.25,23.85,24.27,24.15,0.366,0.428,-1.15,0.48
2026-04-22 19:26:15,26.25,23.85,24.27,24.18,0.378,0.428,-1.28,0.35
2026-04-22 19:26:15,26.25,23.89,24.27,24.15,0.396,0.427,-1.02,0.48
2026-04-22 19:26:16,26.25,23.89,24.27,24.15,0.401,0.430,-1.02,0.48
2026-04-22 19:26:17,26.25,23.89,24.27,24.15,0.409,0.427,-1.02,0.48
2026-04-22 19:26:18,26.25,23.89,24.27,24.18,0.402,0.428,-1.15,0.35
2026-04-22 19:26:18,26.25,23.89,24.27,24.18,0.399,0.430,-1.15,0.35
2026-04-22 19:26:19,26.25,23.85,24.27,24.15,0.387,0.431,-1.15,0.48
2026-04-22 19:26:20,26.00,23.89,24.27,24.15,0.370,0.431,-1.02,0.48
2026-04-22 19:26:21,26.25,23.89,24.27,24.15,0.367,0.435,-1.02,0.48
2026-04-22 19:26:21,26.00,23.85,24.27,24.18,0.366,0.434,-1.28,0.35
2026-04-22 19:26:22,26.00,23.89,24.27,24.15,0.366,0.434,-1.02,0.48
2026-04-22 19:26:23,26.00,23.89,24.27,24.15,0.366,0.433,-1.02,0.48
2026-04-22 19:26:24,26.00,23.89,24.27,24.18,0.364,0.431,-1.15,0.35
2026-04-22 19:26:24,26.25,23.89,24.27,24.15,0.363,0.430,-1.02,0.48
2026-04-22 19:26:25,26.00,23.85,24.27,24.15,0.362,0.430,-1.15,0.48
2026-04-22 19:26:26,26.00,23.89,24.31,24.18,0.362,0.428,-1.15,0.48
2026-04-22 19:26:27,26.25,23.89,24.31,24.18,0.360,0.427,-1.15,0.48
2026-04-22 19:26:28,26.25,23.89,24.31,24.18,0.357,0.426,-1.15,0.48
2026-04-22 19:26:28,26.25,23.89,24.27,24.15,0.359,0.424,-1.02,0.48
2026-04-22 19:26:29,26.00,23.89,24.27,24.15,0.360,0.421,-1.02,0.48
2026-04-22 19:26:30,26.25,23.89,24.27,24.15,0.359,0.417,-1.02,0.48
2026-04-22 19:26:31,26.25,23.89,24.27,24.15,0.355,0.408,-1.02,0.48
2026-04-22 19:26:31,26.25,23.89,24.27,24.15,0.352,0.376,-1.02,0.48
2026-04-22 19:26:32,26.00,23.89,24.27,24.15,0.321,0.307,-1.02,0.48
2026-04-22 19:26:33,26.00,23.85,24.27,24.15,0.300,0.310,-1.15,0.48
2026-04-22 19:26:34,26.00,23.85,24.31,24.18,0.302,0.324,-1.28,0.48
2026-04-22 19:26:34,26.00,23.85,24.27,24.15,0.305,0.325,-1.15,0.48
2026-04-22 19:26:35,26.00,23.89,24.27,24.18,0.307,0.328,-1.15,0.35
2026-04-22 19:26:36,26.00,23.89,24.27,24.18,0.307,0.327,-1.15,0.35
2026-04-22 19:26:37,26.00,23.85,24.27,24.18,0.307,0.327,-1.28,0.35
2026-04-22 19:26:37,26.25,23.89,24.27,24.15,0.309,0.330,-1.02,0.48
2026-04-22 19:26:38,26.00,23.89,24.27,24.15,0.309,0.331,-1.02,0.48
2026-04-22 19:26:39,26.00,23.89,24.31,24.18,0.309,0.332,-1.15,0.48
2026-04-22 19:26:40,26.00,23.89,24.31,24.15,0.306,0.334,-1.02,0.61
2026-04-22 19:26:41,26.25,23.85,24.27,24.15,0.309,0.335,-1.15,0.48
2026-04-22 19:26:41,26.00,23.89,24.31,24.12,0.313,0.332,-0.89,0.74
2026-04-22 19:26:42,26.00,23.89,24.27,24.12,0.310,0.335,-0.89,0.61
2026-04-22 19:26:43,26.25,23.85,24.27,24.18,0.111,0.356,-1.28,0.35
2026-04-22 19:26:44,26.00,23.89,24.27,24.15,0.145,0.373,-1.02,0.48
2026-04-22 19:26:44,26.00,23.85,24.27,24.15,0.089,0.328,-1.15,0.48
2026-04-22 19:26:45,26.00,23.85,24.27,24.18,-0.022,0.252,-1.28,0.35
2026-04-22 19:26:46,26.00,23.92,24.27,24.12,-0.025,0.282,-0.76,0.61
2026-04-22 19:26:47,26.00,23.89,24.27,24.15,-0.096,0.198,-1.02,0.48
2026-04-22 19:26:47,26.00,23.89,24.27,24.15,-0.146,0.235,-1.02,0.48
2026-04-22 19:26:48,26.00,23.89,24.31,24.12,-0.138,0.259,-0.89,0.74
2026-04-22 19:26:49,26.00,23.89,24.31,24.12,-0.108,0.274,-0.89,0.74
2026-04-22 19:26:50,26.25,23.92,24.24,24.15,-0.128,0.256,-0.89,0.35
2026-04-22 19:26:50,26.25,23.89,24.24,24.12,-0.146,0.211,-0.89,0.48
2026-04-22 19:26:51,26.00,23.85,24.31,24.15,-0.051,0.281,-1.15,0.61
2026-04-22 19:26:52,26.00,23.85,24.27,24.15,0.036,0.391,-1.15,0.48
2026-04-22 19:26:53,26.00,23.85,24.27,24.12,0.090,0.420,-1.02,0.61
2026-04-22 19:26:53,26.25,23.89,24.27,24.18,0.111,0.426,-1.15,0.35
2026-04-22 19:26:54,26.00,23.89,24.27,24.15,0.093,0.424,-1.02,0.48
2026-04-22 19:26:55,26.25,23.89,24.31,24.15,0.102,0.412,-1.02,0.61
2026-04-22 19:26:56,26.00,23.89,24.27,24.15,0.232,0.394,-1.02,0.48
2026-04-22 19:26:57,26.00,23.89,24.27,24.15,0.278,0.396,-1.02,0.48
2026-04-22 19:26:57,26.00,23.92,24.27,24.12,0.342,0.395,-0.76,0.61
2026-04-22 19:26:58,26.00,23.89,24.27,24.12,0.392,0.403,-0.89,0.61
2026-04-22 19:26:59,26.25,23.92,24.31,24.08,0.460,0.406,-0.63,0.87
2026-04-22 19:27:00,26.00,23.89,24.27,24.08,0.490,0.410,-0.76,0.74
2026-04-22 19:27:00,26.25,23.89,24.27,24.12,0.526,0.412,-0.89,0.61
2026-04-22 19:27:01,26.00,23.92,24.31,24.08,0.469,0.441,-0.63,0.87
2026-04-22 19:27:02,26.25,23.92,24.27,24.12,0.528,0.406,-0.76,0.61
2026-04-22 19:27:03,26.00,23.89,24.31,24.12,0.559,0.414,-0.89,0.74
2026-04-22 19:27:03,26.00,23.89,24.27,24.05,0.551,0.423,-0.63,0.87
2026-04-22 19:27:04,26.25,23.89,24.24,24.08,0.544,0.437,-0.76,0.61
2026-04-22 19:27:05,26.25,23.89,24.27,24.08,0.540,0.438,-0.76,0.74
2026-04-22 19:27:06,26.00,23.89,24.27,24.08,0.576,0.405,-0.76,0.74
2026-04-22 19:27:06,26.25,23.89,24.27,24.08,0.291,0.171,-0.76,0.74
2026-04-22 19:27:07,26.25,23.89,24.27,24.08,0.485,0.305,-0.76,0.74
2026-04-22 19:27:08,26.25,23.89,24.31,24.08,0.581,0.349,-0.76,0.87
2026-04-22 19:27:09,26.00,23.92,24.27,24.05,0.645,0.373,-0.50,0.87
2026-04-22 19:27:09,26.00,23.92,24.31,24.08,0.706,0.388,-0.63,0.87
2026-04-22 19:27:10,26.00,23.92,24.27,24.05,0.777,0.413,-0.50,0.87
2026-04-22 19:27:11,26.00,23.89,24.27,24.08,0.786,0.414,-0.76,0.74
2026-04-22 19:27:12,26.00,23.92,24.24,24.05,0.727,0.410,-0.50,0.74
2026-04-22 19:27:13,26.00,23.89,24.21,24.08,0.700,0.377,-0.76,0.48
2026-04-22 19:27:13,26.00,23.89,24.24,24.08,0.487,0.200,-0.76,0.61
2026-04-22 19:27:14,26.00,23.89,24.21,24.12,0.581,0.316,-0.89,0.35
2026-04-22 19:27:15,26.25,23.92,24.17,24.08,0.641,0.363,-0.63,0.35
2026-04-22 19:27:16,26.00,23.89,24.14,24.08,0.740,0.388,-0.76,0.22
2026-04-22 19:27:16,26.00,23.89,24.17,24.05,0.802,0.413,-0.63,0.48
2026-04-22 19:27:17,26.00,23.89,24.14,24.08,0.766,0.419,-0.76,0.22
2026-04-22 19:27:18,26.25,23.92,24.14,24.08,0.775,0.408,-0.63,0.22
2026-04-22 19:27:19,26.00,23.89,24.14,24.05,0.808,0.426,-0.63,0.35
2026-04-22 19:27:19,26.00,23.89,24.14,24.08,0.776,0.413,-0.76,0.22
2026-04-22 19:27:20,26.00,23.89,24.11,24.08,0.782,0.402,-0.76,0.09
2026-04-22 19:27:21,26.00,23.92,24.14,24.08,0.804,0.401,-0.63,0.22
2026-04-22 19:27:22,26.00,23.92,24.11,24.08,0.716,0.110,-0.63,0.09
2026-04-22 19:27:22,26.00,23.89,24.11,24.05,0.588,0.270,-0.63,0.22
2026-04-22 19:27:23,26.00,23.89,24.14,24.12,0.737,0.348,-0.89,0.09
2026-04-22 19:27:24,26.00,23.89,24.14,24.12,0.789,0.370,-0.89,0.09
2026-04-22 19:27:25,26.00,23.89,24.11,24.12,0.809,0.381,-0.89,-0.04
2026-04-22 19:27:25,26.00,23.85,24.11,24.08,0.761,0.405,-0.89,0.09
2026-04-22 19:27:26,26.00,23.89,24.11,24.08,0.800,0.391,-0.76,0.09
2026-04-22 19:27:27,26.00,23.85,24.11,24.08,0.764,0.330,-0.89,0.09
2026-04-22 19:27:28,26.00,23.89,24.11,24.12,0.437,0.185,-0.89,-0.04
2026-04-22 19:27:29,26.00,23.89,24.11,24.12,0.576,0.309,-0.89,-0.04
2026-04-22 19:27:29,26.00,23.92,24.11,24.12,0.716,0.356,-0.76,-0.04
2026-04-22 19:27:30,26.25,23.89,24.11,24.12,0.776,0.385,-0.89,-0.04
2026-04-22 19:27:31,26.00,23.92,24.11,24.12,0.804,0.413,-0.76,-0.04
2026-04-22 19:27:32,26.00,23.89,24.11,24.12,0.252,0.438,-0.89,-0.04
2026-04-22 19:27:32,26.00,23.89,24.11,24.12,0.090,0.348,-0.89,-0.04
2026-04-22 19:27:33,26.00,23.89,24.11,24.08,0.531,0.360,-0.76,0.09
2026-04-22 19:27:34,26.00,23.89,24.14,24.12,0.697,0.384,-0.89,0.09
2026-04-22 19:27:35,26.00,23.85,24.14,24.08,0.897,0.399,-0.89,0.22
2026-04-22 19:27:35,26.00,23.92,24.11,24.12,0.871,0.434,-0.76,-0.04
2026-04-22 19:27:36,26.00,23.92,24.14,24.12,0.840,0.430,-0.76,0.09
2026-04-22 19:27:37,26.00,23.89,24.14,24.08,0.779,0.192,-0.76,0.22
2026-04-22 19:27:38,26.00,23.89,24.14,24.08,0.668,0.259,-0.76,0.22
2026-04-22 19:27:38,26.00,23.89,24.14,24.12,0.800,0.356,-0.89,0.09
2026-04-22 19:27:39,26.00,23.92,24.11,24.12,0.794,0.406,-0.76,-0.04
2026-04-22 19:27:40,26.00,23.89,24.14,24.12,0.841,0.424,-0.89,0.09
2026-04-22 19:27:41,26.00,23.89,24.11,24.08,0.853,0.421,-0.76,0.09
2026-04-22 19:27:42,26.00,23.85,24.11,24.15,0.826,0.416,-1.15,-0.17
2026-04-22 19:27:42,26.00,23.89,24.11,24.12,0.896,0.406,-0.89,-0.04
2026-04-22 19:27:43,26.00,23.89,24.07,24.12,0.836,0.416,-0.89,-0.17
2026-04-22 19:27:44,26.00,23.85,24.07,24.12,0.853,0.414,-1.02,-0.17
2026-04-22 19:27:45,26.00,23.89,24.07,24.15,0.887,0.426,-1.02,-0.30
2026-04-22 19:27:45,26.00,23.89,24.07,24.12,0.921,0.434,-0.89,-0.17
2026-04-22 19:27:46,26.00,23.85,24.07,24.12,0.908,0.417,-1.02,-0.17
2026-04-22 19:27:47,26.00,23.89,24.04,24.12,0.950,0.426,-0.89,-0.30
2026-04-22 19:27:48,26.00,23.85,24.04,24.12,0.929,0.419,-1.02,-0.30
2026-04-22 19:27:48,26.00,23.89,24.04,24.12,0.922,0.414,-0.89,-0.30
2026-04-22 19:27:49,26.00,23.89,24.04,24.12,0.003,0.350,-0.89,-0.30
2026-04-22 19:27:50,26.00,23.89,24.07,24.12,0.036,0.352,-0.89,-0.17
2026-04-22 19:27:51,26.00,23.89,24.04,24.12,0.065,0.355,-0.89,-0.30
2026-04-22 19:27:51,26.00,23.89,24.07,24.12,0.032,0.363,-0.89,-0.17
2026-04-22 19:27:52,26.00,23.89,24.07,24.12,0.054,0.366,-0.89,-0.17
2026-04-22 19:27:53,26.00,23.89,24.04,24.12,0.038,0.364,-0.89,-0.30
2026-04-22 19:27:54,26.00,23.89,24.07,24.12,0.414,0.367,-0.89,-0.17
2026-04-22 19:27:54,26.00,23.89,24.07,24.12,0.687,0.378,-0.89,-0.17
2026-04-22 19:27:55,26.00,23.89,24.04,24.12,0.859,0.396,-0.89,-0.30
2026-04-22 19:27:56,26.00,23.89,24.07,24.15,0.954,0.405,-1.02,-0.30
2026-04-22 19:27:57,26.00,23.89,24.07,24.12,0.925,0.428,-0.89,-0.17
2026-04-22 19:27:58,26.00,23.89,24.07,24.12,0.929,0.420,-0.89,-0.17
2026-04-22 19:27:58,26.00,23.89,24.07,24.12,0.957,0.424,-0.89,-0.17
2026-04-22 19:27:59,26.00,23.89,24.07,24.12,0.903,0.171,-0.89,-0.17
2026-04-22 19:28:00,26.00,23.92,24.07,24.15,0.698,0.278,-0.89,-0.30
2026-04-22 19:28:01,26.00,23.89,24.07,24.12,0.804,0.352,-0.89,-0.17
2026-04-22 19:28:01,26.00,23.89,24.04,24.15,0.923,0.377,-1.02,-0.43
2026-04-22 19:28:02,26.00,23.89,24.04,24.12,1.025,0.401,-0.89,-0.30
2026-04-22 19:28:03,26.00,23.89,24.00,24.15,0.969,0.405,-1.02,-0.56
2026-04-22 19:28:04,26.00,23.89,24.04,24.12,0.978,0.412,-0.89,-0.30
2026-04-22 19:28:04,26.00,23.92,24.04,24.12,0.975,0.413,-0.76,-0.30
2026-04-22 19:28:05,26.00,23.89,24.04,24.12,0.957,0.419,-0.89,-0.30
2026-04-22 19:28:06,26.00,23.89,24.00,24.12,0.964,0.433,-0.89,-0.43
2026-04-22 19:28:07,26.00,23.89,24.04,24.15,0.960,0.428,-1.02,-0.43
2026-04-22 19:28:07,26.00,23.92,24.00,24.12,0.903,0.366,-0.76,-0.43
2026-04-22 19:28:08,26.00,23.89,24.04,24.15,0.655,0.167,-1.02,-0.43
2026-04-22 19:28:09,26.00,23.89,24.00,24.15,0.779,0.325,-1.02,-0.56
2026-04-22 19:28:10,26.00,23.89,24.00,24.12,-0.006,0.353,-0.89,-0.43
2026-04-22 19:28:10,26.00,23.89,24.00,24.15,0.053,0.332,-1.02,-0.56
2026-04-22 19:28:11,26.00,23.89,24.00,24.15,0.046,0.337,-1.02,-0.56
2026-04-22 19:28:12,26.00,23.89,24.04,24.12,0.061,0.346,-0.89,-0.30
2026-04-22 19:28:13,26.00,23.89,24.00,24.12,0.341,0.348,-0.89,-0.43
2026-04-22 19:28:14,26.00,23.89,24.04,24.15,0.736,0.359,-1.02,-0.43
2026-04-22 19:28:14,26.00,23.89,24.00,24.12,0.042,0.346,-0.89,-0.43
2026-04-22 19:28:15,26.00,23.89,24.04,24.12,0.095,0.350,-0.89,-0.30
2026-04-22 19:28:16,26.00,23.85,24.00,24.12,0.111,0.344,-1.02,-0.43
2026-04-22 19:28:17,26.00,23.89,24.04,24.12,0.153,0.353,-0.89,-0.30
2026-04-22 19:28:17,26.00,23.89,24.04,24.15,0.522,0.341,-1.02,-0.43
2026-04-22 19:28:18,26.00,23.85,24.00,24.18,0.815,0.370,-1.28,-0.69
2026-04-22 19:28:19,26.00,23.89,24.04,24.15,1.039,0.371,-1.02,-0.43
2026-04-22 19:28:20,26.00,23.85,24.04,24.15,0.968,0.413,-1.15,-0.43
2026-04-22 19:28:20,26.00,23.89,24.00,24.15,1.015,0.420,-1.02,-0.56
2026-04-22 19:28:21,26.00,23.89,24.00,24.12,1.047,0.420,-0.89,-0.43
2026-04-22 19:28:22,26.00,23.92,24.00,24.15,1.053,0.399,-0.89,-0.56
2026-04-22 19:28:23,26.00,23.89,24.04,24.12,1.031,0.421,-0.89,-0.30
2026-04-22 19:28:23,26.00,23.89,24.00,24.12,0.882,0.170,-0.89,-0.43
2026-04-22 19:28:24,26.00,23.92,24.00,24.18,0.811,0.309,-1.02,-0.69
2026-04-22 19:28:25,26.00,23.85,24.00,24.15,0.996,0.357,-1.15,-0.56
2026-04-22 19:28:26,26.00,23.85,24.00,24.12,1.008,0.402,-1.02,-0.43
2026-04-22 19:28:27,26.00,23.89,24.00,24.15,1.007,0.419,-1.02,-0.56
2026-04-22 19:28:27,26.00,23.89,24.00,24.12,0.997,0.412,-0.89,-0.43
2026-04-22 19:28:28,26.00,23.89,24.00,24.15,0.962,0.170,-1.02,-0.56
2026-04-22 19:28:29,26.00,23.89,23.97,24.15,0.718,0.248,-1.02,-0.69
2026-04-22 19:28:30,26.00,23.89,24.00,24.15,0.921,0.360,-1.02,-0.56
2026-04-22 19:28:30,26.00,23.89,23.97,24.18,0.951,0.392,-1.15,-0.82
2026-04-22 19:28:31,26.00,23.89,23.97,24.15,0.973,0.406,-1.02,-0.69
2026-04-22 19:28:32,26.00,23.89,24.00,24.12,0.968,0.419,-0.89,-0.43
2026-04-22 19:28:33,26.00,23.85,24.00,24.15,1.004,0.401,-1.15,-0.56
2026-04-22 19:28:33,26.00,23.85,24.00,24.15,0.971,0.395,-1.15,-0.56
2026-04-22 19:28:34,26.00,23.89,23.97,24.15,0.973,0.405,-1.02,-0.69
2026-04-22 19:28:35,26.00,23.92,24.00,24.12,0.933,0.423,-0.76,-0.43
2026-04-22 19:28:36,26.00,23.85,24.00,24.15,0.936,0.413,-1.15,-0.56
2026-04-22 19:28:36,26.00,23.89,24.00,24.15,0.933,0.417,-1.02,-0.56
2026-04-22 19:28:37,26.00,23.89,24.00,24.15,0.904,0.398,-1.02,-0.56
2026-04-22 19:28:38,26.00,23.92,24.00,24.15,0.890,0.330,-0.89,-0.56
2026-04-22 19:28:39,26.00,23.89,23.97,24.15,0.669,0.184,-1.02,-0.69
2026-04-22 19:28:39,26.00,23.89,24.00,24.15,0.755,0.327,-1.02,-0.56
2026-04-22 19:28:40,26.00,23.89,24.00,24.15,0.861,0.373,-1.02,-0.56
2026-04-22 19:28:41,26.00,23.89,24.00,24.15,0.864,0.389,-1.02,-0.56
2026-04-22 19:28:42,26.00,23.89,24.00,24.15,0.919,0.391,-1.02,-0.56
2026-04-22 19:28:43,26.00,23.89,24.00,24.18,0.871,0.398,-1.15,-0.69
2026-04-22 19:28:43,26.00,23.89,24.04,24.12,0.855,0.394,-0.89,-0.30
2026-04-22 19:28:44,26.00,23.89,24.00,24.12,0.857,0.360,-0.89,-0.43
2026-04-22 19:28:45,26.00,23.89,23.97,24.15,0.872,0.385,-1.02,-0.69
2026-04-22 19:28:46,26.00,23.89,24.04,24.15,0.832,0.423,-1.02,-0.43
2026-04-22 19:28:46,26.00,23.89,24.00,24.15,0.891,0.410,-1.02,-0.56
2026-04-22 19:28:47,26.00,23.85,24.00,24.15,0.872,0.405,-1.15,-0.56
2026-04-22 19:28:48,26.00,23.92,24.00,24.15,0.882,0.413,-0.89,-0.56
2026-04-22 19:28:49,26.00,23.89,24.00,24.12,0.894,0.423,-0.89,-0.43
2026-04-22 19:28:49,26.00,23.89,24.00,24.15,0.942,0.408,-1.02,-0.56
2026-04-22 19:28:50,26.00,23.92,24.04,24.15,0.880,0.413,-0.89,-0.43
2026-04-22 19:28:51,26.00,23.85,24.04,24.15,0.937,0.406,-1.15,-0.43
2026-04-22 19:28:52,26.00,23.89,24.00,24.12,0.918,0.412,-0.89,-0.43
2026-04-22 19:28:52,26.00,23.89,24.04,24.18,0.891,0.417,-1.15,-0.56
2026-04-22 19:28:53,26.00,23.92,24.04,24.15,0.865,0.409,-0.89,-0.43
2026-04-22 19:28:54,26.00,23.89,24.00,24.12,0.830,0.419,-0.89,-0.43
2026-04-22 19:28:55,26.00,23.89,24.00,24.15,0.757,0.185,-1.02,-0.56
2026-04-22 19:28:55,26.00,23.89,24.04,24.12,0.522,0.188,-0.89,-0.30
2026-04-22 19:28:56,26.00,23.89,24.04,24.18,0.758,0.335,-1.15,-0.56
2026-04-22 19:28:57,26.00,23.89,24.07,24.15,0.802,0.388,-1.02,-0.30
2026-04-22 19:28:58,26.00,23.85,24.04,24.15,0.809,0.419,-1.15,-0.43
2026-04-22 19:28:59,26.00,23.89,24.04,24.15,0.765,0.421,-1.02,-0.43
2026-04-22 19:28:59,26.00,23.89,24.04,24.18,0.783,0.405,-1.15,-0.56
2026-04-22 19:29:00,26.00,23.89,24.04,24.15,0.837,0.388,-1.02,-0.43
2026-04-22 19:29:01,26.00,23.89,24.04,24.15,0.879,0.416,-1.02,-0.43
2026-04-22 19:29:02,26.00,23.89,24.00,24.15,0.868,0.426,-1.02,-0.56
2026-04-22 19:29:02,26.00,23.89,24.04,24.18,0.854,0.410,-1.15,-0.56
2026-04-22 19:29:03,26.00,23.85,24.04,24.12,0.802,0.362,-1.02,-0.30
2026-04-22 19:29:04,26.00,23.89,24.00,24.15,0.421,0.184,-1.02,-0.56
2026-04-22 19:29:05,26.00,23.89,24.04,24.15,0.701,0.298,-1.02,-0.43
2026-04-22 19:29:05,26.00,23.89,24.00,24.18,0.861,0.366,-1.15,-0.69
2026-04-22 19:29:06,26.00,23.89,24.04,24.12,0.891,0.392,-0.89,-0.30
2026-04-22 19:29:07,26.00,23.89,24.00,24.15,0.805,0.409,-1.02,-0.56
2026-04-22 19:29:08,26.00,23.89,24.07,24.18,0.734,0.218,-1.15,-0.43
2026-04-22 19:29:08,26.00,23.89,24.00,24.15,0.565,0.171,-1.02,-0.56
2026-04-22 19:29:09,26.00,23.89,24.04,24.12,0.688,0.312,-0.89,-0.30
2026-04-22 19:29:10,26.00,23.89,24.04,24.15,0.825,0.356,-1.02,-0.43
2026-04-22 19:29:11,26.00,23.85,24.00,24.15,0.854,0.388,-1.15,-0.56
2026-04-22 19:29:11,26.00,23.89,24.07,24.15,0.903,0.409,-1.02,-0.30
2026-04-22 19:29:12,26.00,23.89,24.04,24.15,0.814,0.182,-1.02,-0.43
2026-04-22 19:29:13,26.00,23.85,24.04,24.15,0.563,0.172,-1.15,-0.43
2026-04-22 19:29:14,26.00,23.92,24.04,24.15,0.779,0.324,-0.89,-0.43
2026-04-22 19:29:14,26.00,23.89,24.04,24.15,0.921,0.362,-1.02,-0.43
2026-04-22 19:29:15,26.00,23.89,24.04,24.15,0.918,0.401,-1.02,-0.43
2026-04-22 19:29:16,26.00,23.89,24.04,24.12,0.929,0.426,-0.89,-0.30
2026-04-22 19:29:17,26.00,23.89,24.04,24.15,0.940,0.385,-1.02,-0.43
2026-04-22 19:29:18,26.00,23.92,24.04,24.15,0.743,0.182,-0.89,-0.43
2026-04-22 19:29:18,26.00,23.89,24.04,24.15,0.720,0.260,-1.02,-0.43
2026-04-22 19:29:19,26.00,23.85,24.04,24.15,0.645,0.391,-1.15,-0.43
2026-04-22 19:29:20,26.00,23.85,24.00,24.15,0.629,0.410,-1.15,-0.56
2026-04-22 19:29:21,26.00,23.89,24.04,24.18,0.631,0.406,-1.15,-0.56
2026-04-22 19:29:21,26.00,23.89,24.04,24.15,0.954,0.394,-1.02,-0.43
2026-04-22 19:29:22,26.00,23.89,24.04,24.15,0.802,0.428,-1.02,-0.43
2026-04-22 19:29:23,26.00,23.92,24.00,24.18,0.677,0.161,-1.02,-0.69
2026-04-22 19:29:24,26.00,23.89,24.04,24.15,0.548,0.225,-1.02,-0.43
2026-04-22 19:29:24,26.00,23.85,24.00,24.18,0.802,0.345,-1.28,-0.69
2026-04-22 19:29:25,26.00,23.89,24.00,24.18,0.889,0.377,-1.15,-0.69
2026-04-22 19:29:26,26.00,23.89,24.00,24.15,1.003,0.376,-1.02,-0.56
2026-04-22 19:29:27,26.00,23.89,24.04,24.18,0.942,0.388,-1.15,-0.56
2026-04-22 19:29:27,26.00,23.89,24.00,24.15,1.026,0.381,-1.02,-0.56
2026-04-22 19:29:28,26.00,23.89,24.00,24.15,1.108,0.380,-1.02,-0.56
2026-04-22 19:29:29,26.00,23.89,24.04,24.15,1.113,0.392,-1.02,-0.43
2026-04-22 19:29:30,26.00,23.92,24.04,24.12,1.104,0.395,-0.76,-0.30
2026-04-22 19:29:30,26.00,23.85,24.00,24.15,1.163,0.387,-1.15,-0.56
2026-04-22 19:29:31,26.00,23.89,24.04,24.15,1.175,0.395,-1.02,-0.43
2026-04-22 19:29:32,26.00,23.89,24.00,24.15,0.950,0.412,-1.02,-0.56
2026-04-22 19:29:33,26.00,23.85,24.00,24.15,0.802,0.207,-1.15,-0.56
2026-04-22 19:29:34,26.00,23.89,24.04,24.15,0.672,0.199,-1.02,-0.43
2026-04-22 19:29:34,26.00,23.89,24.00,24.15,0.592,0.213,-1.02,-0.56
2026-04-22 19:29:35,26.00,23.92,24.04,24.15,0.641,0.216,-0.89,-0.43
2026-04-22 19:29:36,26.00,23.89,24.00,24.18,0.762,0.221,-1.15,-0.69
2026-04-22 19:29:37,26.00,23.85,24.04,24.15,0.891,0.324,-1.15,-0.43
2026-04-22 19:29:37,26.00,23.89,24.00,24.15,0.969,0.366,-1.02,-0.56
2026-04-22 19:29:38,26.00,23.92,24.00,24.15,0.953,0.385,-0.89,-0.56
2026-04-22 19:29:39,26.00,23.89,24.00,24.15,1.017,0.391,-1.02,-0.56
2026-04-22 19:29:40,26.00,23.85,24.04,24.18,1.056,0.394,-1.28,-0.56
2026-04-22 19:29:40,26.00,23.89,24.04,24.15,1.058,0.402,-1.02,-0.43
2026-04-22 19:29:41,26.00,23.89,24.04,24.15,1.050,0.401,-1.02,-0.43
2026-04-22 19:29:42,26.00,23.92,24.00,24.15,0.848,0.423,-0.89,-0.56
2026-04-22 19:29:43,26.00,23.89,24.00,24.15,0.683,0.203,-1.02,-0.56
2026-04-22 19:29:43,26.00,23.89,24.04,24.15,0.583,0.193,-1.02,-0.43
2026-04-22 19:29:44,26.00,23.89,23.97,24.15,0.680,0.213,-1.02,-0.69
2026-04-22 19:29:45,26.00,23.89,24.00,24.18,0.844,0.248,-1.15,-0.69
2026-04-22 19:29:46,26.00,23.89,24.00,24.18,0.944,0.366,-1.15,-0.69
2026-04-22 19:29:47,26.00,23.89,24.04,24.18,0.961,0.380,-1.15,-0.56
2026-04-22 19:29:47,26.00,23.89,24.04,24.22,1.054,0.389,-1.28,-0.69
2026-04-22 19:29:48,26.00,23.89,24.04,24.22,1.158,0.389,-1.28,-0.69
2026-04-22 19:29:49,26.00,23.89,24.00,24.25,1.243,0.399,-1.41,-0.95
2026-04-22 19:29:50,26.00,23.89,24.00,24.22,1.228,0.401,-1.28,-0.82
2026-04-22 19:29:50,26.00,23.89,24.00,24.25,1.234,0.406,-1.41,-0.95
2026-04-22 19:29:51,26.00,23.92,24.04,24.29,1.220,0.402,-1.41,-0.95
2026-04-22 19:29:52,26.00,23.89,24.00,24.25,1.195,0.403,-1.41,-0.95
2026-04-22 19:29:53,26.00,23.89,24.00,24.25,1.207,0.355,-1.41,-0.95
2026-04-22 19:29:53,26.00,23.89,24.00,24.29,1.099,0.170,-1.54,-1.08
2026-04-22 19:29:54,26.00,23.92,24.04,24.29,0.875,0.195,-1.41,-0.95
2026-04-22 19:29:55,26.00,23.89,24.00,24.32,0.926,0.234,-1.67,-1.21
2026-04-22 19:29:56,26.00,23.89,24.00,24.25,0.797,0.310,-1.41,-0.95
2026-04-22 19:29:56,26.00,23.85,24.00,24.29,0.740,0.349,-1.67,-1.08
2026-04-22 19:29:57,26.00,23.89,24.04,24.29,0.701,0.356,-1.54,-0.95
2026-04-22 19:29:58,26.00,23.89,24.00,24.29,0.693,0.359,-1.54,-1.08
2026-04-22 19:29:59,26.00,23.89,24.00,24.29,0.661,0.349,-1.54,-1.08
2026-04-22 19:29:59,26.00,23.89,24.04,24.29,0.942,0.306,-1.54,-0.95
2026-04-22 19:30:00,26.00,23.85,24.04,24.25,1.003,0.382,-1.54,-0.82
2026-04-22 19:30:01,26.00,23.92,24.04,24.25,0.990,0.394,-1.28,-0.82
2026-04-22 19:30:02,26.00,23.85,24.00,24.25,1.012,0.405,-1.54,-0.95
2026-04-22 19:30:03,26.00,23.85,24.04,24.29,1.035,0.405,-1.67,-0.95
2026-04-22 19:30:03,25.00,23.92,24.04,24.25,1.053,0.405,-1.28,-0.82
2026-04-22 19:30:04,26.00,23.89,24.00,24.29,1.043,0.378,-1.54,-1.08
2026-04-22 19:30:05,26.00,23.89,24.00,24.25,1.022,0.339,-1.41,-0.95
2026-04-22 19:30:06,26.00,23.89,24.00,24.25,0.935,0.174,-1.41,-0.95
2026-04-22 19:30:06,26.00,23.89,24.00,24.25,0.858,0.179,-1.41,-0.95
2026-04-22 19:30:07,26.00,23.92,24.00,24.25,0.896,0.198,-1.28,-0.95
2026-04-22 19:30:08,26.00,23.89,24.00,24.25,0.933,0.238,-1.41,-0.95
2026-04-22 19:30:09,26.00,23.89,24.04,24.29,0.961,0.288,-1.54,-0.95
2026-04-22 19:30:09,26.00,23.89,24.04,24.25,1.046,0.339,-1.41,-0.82
2026-04-22 19:30:10,26.00,23.92,24.00,24.29,1.189,0.374,-1.41,-1.08
2026-04-22 19:30:11,26.00,23.92,24.04,24.29,1.189,0.409,-1.41,-0.95
2026-04-22 19:30:12,26.00,23.85,24.00,24.29,1.172,0.408,-1.67,-1.08
2026-04-22 19:30:12,26.00,23.89,24.00,24.25,1.124,0.202,-1.41,-0.95
2026-04-22 19:30:13,26.00,23.89,24.00,24.25,0.620,0.149,-1.41,-0.95
2026-04-22 19:30:14,26.00,23.89,24.00,24.29,0.736,0.277,-1.54,-1.08
2026-04-22 19:30:15,26.00,23.92,24.00,24.25,0.841,0.342,-1.28,-0.95
2026-04-22 19:30:15,26.00,23.85,24.04,24.25,0.997,0.366,-1.54,-0.82
2026-04-22 19:30:16,26.00,23.89,24.00,24.29,1.071,0.392,-1.54,-1.08
2026-04-22 19:30:17,26.00,23.89,24.04,24.22,1.118,0.377,-1.28,-0.69
2026-04-22 19:30:18,26.00,23.85,24.00,24.25,1.128,0.401,-1.54,-0.95
2026-04-22 19:30:19,26.00,23.89,24.04,24.25,1.019,0.388,-1.41,-0.82
2026-04-22 19:30:19,26.00,23.92,24.00,24.25,0.641,0.177,-1.28,-0.95
2026-04-22 19:30:20,26.00,23.92,24.04,24.25,0.758,0.282,-1.28,-0.82
2026-04-22 19:30:21,26.00,23.92,24.00,24.25,0.875,0.357,-1.28,-0.95
2026-04-22 19:30:22,26.00,24.02,24.04,24.29,0.958,0.371,-1.02,-0.95
2026-04-22 19:30:22,26.00,23.99,24.04,24.29,1.043,0.405,-1.15,-0.95
2026-04-22 19:30:23,26.00,23.99,24.04,24.29,1.043,0.412,-1.15,-0.95
2026-04-22 19:30:24,26.00,24.02,24.04,24.25,1.058,0.392,-0.89,-0.82
2026-04-22 19:30:25,26.00,24.05,24.00,24.25,1.099,0.378,-0.76,-0.95
2026-04-22 19:30:25,26.00,24.05,24.04,24.25,1.097,0.410,-0.76,-0.82
2026-04-22 19:30:26,26.00,24.09,24.04,24.25,0.992,0.428,-0.63,-0.82
2026-04-22 19:30:27,26.00,24.05,24.04,24.25,0.700,0.150,-0.76,-0.82
2026-04-22 19:30:28,26.00,24.12,24.07,24.29,0.620,0.239,-0.63,-0.82
2026-04-22 19:30:28,26.00,24.09,24.00,24.25,0.825,0.344,-0.63,-0.95
2026-04-22 19:30:29,26.00,24.09,23.97,24.25,0.840,0.406,-0.63,-1.08
2026-04-22 19:30:30,26.00,24.12,24.00,24.25,0.708,0.408,-0.50,-0.95
2026-04-22 19:30:31,26.00,24.12,23.97,24.25,0.700,0.364,-0.50,-1.08
2026-04-22 19:30:32,26.00,24.09,24.04,24.25,0.687,0.256,-0.63,-0.82
2026-04-22 19:30:32,26.00,24.16,24.00,24.25,0.645,0.280,-0.37,-0.95
2026-04-22 19:30:33,26.00,24.16,24.00,24.25,0.617,0.303,-0.37,-0.95
2026-04-22 19:30:34,26.00,24.16,24.00,24.25,0.602,0.310,-0.37,-0.95
2026-04-22 19:30:35,26.00,24.16,24.04,24.25,0.591,0.310,-0.37,-0.82
2026-04-22 19:30:35,26.00,24.16,23.97,24.22,0.584,0.317,-0.24,-0.95
2026-04-22 19:30:36,26.00,24.12,24.00,24.25,0.579,0.317,-0.50,-0.95
2026-04-22 19:30:37,26.00,24.16,24.00,24.25,0.577,0.317,-0.37,-0.95
2026-04-22 19:30:38,26.00,24.16,24.00,24.25,0.567,0.324,-0.37,-0.95
2026-04-22 19:30:38,26.00,24.16,24.00,24.29,0.563,0.328,-0.50,-1.08
2026-04-22 19:30:39,26.00,24.16,24.00,24.25,0.558,0.331,-0.37,-0.95
2026-04-22 19:30:40,26.00,24.16,24.00,24.25,0.554,0.335,-0.37,-0.95
2026-04-22 19:30:41,26.00,24.16,24.00,24.25,0.547,0.335,-0.37,-0.95
2026-04-22 19:30:41,26.00,24.16,24.00,24.25,0.549,0.339,-0.37,-0.95
2026-04-22 19:30:42,26.00,24.19,24.00,24.25,0.551,0.339,-0.24,-0.95
2026-04-22 19:30:43,26.00,24.16,24.00,24.25,0.545,0.339,-0.37,-0.95
2026-04-22 19:30:44,26.00,24.16,24.00,24.25,0.544,0.342,-0.37,-0.95
2026-04-22 19:30:44,26.00,24.16,24.00,24.22,0.544,0.345,-0.24,-0.82
2026-04-22 19:30:45,26.00,24.16,24.00,24.29,0.545,0.344,-0.50,-1.08
2026-04-22 19:30:46,26.00,24.16,24.04,24.25,0.541,0.345,-0.37,-0.82
2026-04-22 19:30:47,26.00,24.16,24.04,24.22,0.540,0.346,-0.24,-0.69
2026-04-22 19:30:48,26.00,24.16,24.04,24.25,0.540,0.346,-0.37,-0.82
2026-04-22 19:30:48,26.00,24.12,24.04,24.25,0.538,0.344,-0.50,-0.82
2026-04-22 19:30:49,26.00,24.12,24.04,24.25,0.535,0.344,-0.50,-0.82
2026-04-22 19:30:50,26.00,24.12,24.04,24.22,0.534,0.345,-0.37,-0.69
2026-04-22 19:30:51,26.00,24.12,24.00,24.25,0.535,0.344,-0.50,-0.95
2026-04-22 19:30:51,26.00,24.12,24.04,24.22,0.534,0.348,-0.37,-0.69
2026-04-22 19:30:52,26.00,24.12,24.04,24.22,0.530,0.345,-0.37,-0.69
2026-04-22 19:30:53,26.00,24.12,24.00,24.25,0.530,0.346,-0.50,-0.95
2026-04-22 19:30:54,26.00,24.12,24.00,24.25,0.530,0.346,-0.50,-0.95
2026-04-22 19:30:54,26.00,24.12,24.04,24.25,0.530,0.341,-0.50,-0.82
2026-04-22 19:30:55,26.00,24.12,24.00,24.25,0.527,0.346,-0.50,-0.95
2026-04-22 19:30:56,26.00,24.12,24.00,24.25,0.527,0.344,-0.50,-0.95
2026-04-22 19:30:57,26.00,24.12,23.97,24.25,0.947,0.293,-0.50,-1.08
2026-04-22 19:30:57,26.00,24.12,24.04,24.22,0.846,0.392,-0.37,-0.69
2026-04-22 19:30:58,26.00,24.12,24.04,24.25,0.882,0.403,-0.50,-0.82
2026-04-22 19:30:59,26.00,24.09,24.00,24.22,1.022,0.388,-0.50,-0.82
2026-04-22 19:31:00,26.00,24.09,24.00,24.22,1.089,0.392,-0.50,-0.82
2026-04-22 19:31:00,26.00,24.12,24.00,24.25,1.082,0.409,-0.50,-0.95
2026-04-22 19:31:01,26.00,24.05,24.00,24.22,1.117,0.412,-0.63,-0.82
2026-04-22 19:31:02,26.00,24.09,24.00,24.25,1.072,0.403,-0.63,-0.95
2026-04-22 19:31:03,26.00,24.09,24.00,24.22,1.047,0.278,-0.50,-0.82
2026-04-22 19:31:04,26.00,24.05,24.04,24.25,1.061,0.182,-0.76,-0.82
2026-04-22 19:31:04,26.00,24.09,23.97,24.25,0.958,0.210,-0.63,-1.08
2026-04-22 19:31:05,26.00,24.12,24.04,24.25,1.000,0.221,-0.50,-0.82
2026-04-22 19:31:06,26.00,24.05,24.00,24.25,1.042,0.227,-0.76,-0.95
2026-04-22 19:31:07,26.00,24.09,24.04,24.22,1.101,0.291,-0.50,-0.69
2026-04-22 19:31:07,26.00,24.05,24.07,24.22,1.167,0.324,-0.63,-0.56
2026-04-22 19:31:08,26.00,24.09,24.00,24.29,1.231,0.353,-0.76,-1.08
2026-04-22 19:31:09,26.00,24.05,24.00,24.25,1.174,0.403,-0.76,-0.95
2026-04-22 19:31:10,26.00,24.09,23.97,24.25,1.145,0.216,-0.63,-1.08
2026-04-22 19:31:10,26.00,24.05,24.04,24.22,0.783,0.174,-0.63,-0.69
2026-04-22 19:31:11,26.00,24.02,24.00,24.25,0.893,0.275,-0.89,-0.95
2026-04-22 19:31:12,26.00,24.05,24.00,24.25,0.954,0.360,-0.76,-0.95
2026-04-22 19:31:13,26.00,24.05,24.00,24.29,0.912,0.433,-0.89,-1.08
2026-04-22 19:31:13,26.00,24.09,24.00,24.25,0.683,0.253,-0.63,-0.95
2026-04-22 19:31:14,26.00,24.05,24.00,24.25,0.629,0.335,-0.76,-0.95
2026-04-22 19:31:15,26.00,24.05,24.00,24.25,0.612,0.346,-0.76,-0.95
2026-04-22 19:31:16,26.00,24.05,24.00,24.25,0.825,0.293,-0.76,-0.95
2026-04-22 19:31:16,26.00,24.05,24.00,24.25,1.018,0.348,-0.76,-0.95
2026-04-22 19:31:17,26.00,24.09,23.94,24.25,1.057,0.388,-0.63,-1.21
2026-04-22 19:31:18,26.00,24.05,23.97,24.25,1.003,0.394,-0.76,-1.08
2026-04-22 19:31:19,26.00,24.05,24.00,24.25,1.053,0.395,-0.76,-0.95
2026-04-22 19:31:19,26.00,24.09,24.00,24.25,0.942,0.441,-0.63,-0.95
2026-04-22 19:31:20,26.00,24.05,24.00,24.25,0.761,0.211,-0.76,-0.95
2026-04-22 19:31:21,26.00,24.09,24.00,24.25,0.624,0.263,-0.63,-0.95
2026-04-22 19:31:22,26.00,24.09,24.00,24.25,0.580,0.295,-0.63,-0.95
2026-04-22 19:31:23,26.00,24.09,24.00,24.25,0.559,0.299,-0.63,-0.95
2026-04-22 19:31:23,26.00,24.09,24.00,24.22,0.896,0.282,-0.50,-0.82
2026-04-22 19:31:24,26.00,24.09,24.04,24.25,0.915,0.356,-0.63,-0.82
2026-04-22 19:31:25,26.00,24.09,23.97,24.25,1.039,0.377,-0.63,-1.08
2026-04-22 19:31:26,26.00,24.12,24.00,24.25,1.175,0.380,-0.50,-0.95
2026-04-22 19:31:26,26.00,24.12,24.00,24.25,1.168,0.394,-0.50,-0.95
2026-04-22 19:31:27,26.00,24.12,24.00,24.25,1.246,0.392,-0.50,-0.95
2026-04-22 19:31:28,26.00,24.09,24.00,24.25,1.186,0.403,-0.63,-0.95
2026-04-22 19:31:29,26.00,24.12,24.00,24.25,1.274,0.391,-0.50,-0.95
2026-04-22 19:31:29,26.00,24.12,24.04,24.25,1.316,0.408,-0.50,-0.82
2026-04-22 19:31:30,26.00,24.12,24.04,24.25,1.239,0.398,-0.50,-0.82
2026-04-22 19:31:31,26.00,24.12,24.04,24.22,1.256,0.410,-0.37,-0.69
2026-04-22 19:31:32,26.00,24.12,24.00,24.29,1.268,0.331,-0.63,-1.08
2026-04-22 19:31:32,26.00,24.12,24.04,24.25,0.950,0.149,-0.50,-0.82
2026-04-22 19:31:33,26.00,24.12,24.00,24.25,0.880,0.193,-0.50,-0.95
2026-04-22 19:31:34,26.00,24.19,24.00,24.22,0.919,0.307,-0.11,-0.82
2026-04-22 19:31:35,26.00,24.16,24.00,24.22,1.068,0.370,-0.24,-0.82
2026-04-22 19:31:36,26.00,24.16,24.00,24.25,1.160,0.378,-0.37,-0.95
2026-04-22 19:31:36,26.00,24.19,24.00,24.22,1.171,0.394,-0.11,-0.82
2026-04-22 19:31:37,26.00,24.19,24.00,24.25,1.120,0.401,-0.24,-0.95
2026-04-22 19:31:38,26.00,24.16,24.00,24.22,1.106,0.172,-0.24,-0.82
2026-04-22 19:31:39,26.00,24.16,24.00,24.22,0.982,0.189,-0.24,-0.82
2026-04-22 19:31:39,26.00,24.19,24.00,24.25,0.907,0.191,-0.24,-0.95
2026-04-22 19:31:40,26.00,24.19,24.04,24.22,0.957,0.221,-0.11,-0.69
2026-04-22 19:31:41,26.00,24.22,24.00,24.22,1.007,0.310,0.02,-0.82
2026-04-22 19:31:42,26.00,24.19,24.00,24.22,1.113,0.374,-0.11,-0.82
2026-04-22 19:31:42,26.00,24.19,24.00,24.25,1.164,0.391,-0.24,-0.95
2026-04-22 19:31:43,26.00,24.22,23.97,24.25,1.242,0.389,-0.11,-1.08
2026-04-22 19:31:44,26.00,24.19,24.00,24.22,1.282,0.392,-0.11,-0.82
2026-04-22 19:31:45,26.00,24.22,24.00,24.22,1.331,0.402,0.02,-0.82
2026-04-22 19:31:45,26.00,24.19,24.04,24.22,1.368,0.401,-0.11,-0.69
2026-04-22 19:31:46,26.00,24.22,24.00,24.22,1.425,0.398,0.02,-0.82
2026-04-22 19:31:47,26.00,24.22,24.00,24.25,1.361,0.409,-0.11,-0.95
2026-04-22 19:31:48,26.00,24.22,24.00,24.22,1.220,0.364,0.02,-0.82
2026-04-22 19:31:48,26.00,24.22,24.00,24.22,1.161,0.161,0.02,-0.82
2026-04-22 19:31:49,26.00,24.22,24.00,24.25,1.065,0.188,-0.11,-0.95
2026-04-22 19:31:50,26.00,24.22,24.00,24.22,1.079,0.278,0.02,-0.82
2026-04-22 19:31:51,26.00,24.22,24.00,24.25,1.189,0.352,-0.11,-0.95
2026-04-22 19:31:52,26.00,24.22,24.00,24.22,1.346,0.369,0.02,-0.82
2026-04-22 19:31:52,26.00,24.22,24.00,24.22,1.370,0.406,0.02,-0.82
2026-04-22 19:31:53,26.00,24.22,24.00,24.25,1.303,0.378,-0.11,-0.95
2026-04-22 19:31:54,26.00,24.22,24.00,24.25,1.240,0.128,-0.11,-0.95
2026-04-22 19:31:55,26.00,24.19,23.97,24.25,0.928,0.193,-0.24,-1.08
2026-04-22 19:31:55,26.00,24.22,24.04,24.22,0.923,0.281,0.02,-0.69
2026-04-22 19:31:56,26.00,24.22,24.00,24.22,1.007,0.348,0.02,-0.82
2026-04-22 19:31:57,26.00,24.22,24.00,24.22,1.139,0.376,0.02,-0.82
2026-04-22 19:31:58,26.00,24.19,24.00,24.22,1.193,0.385,-0.11,-0.82
2026-04-22 19:31:58,26.00,24.19,24.00,24.22,1.234,0.389,-0.11,-0.82
2026-04-22 19:31:59,26.00,24.19,24.04,24.22,1.277,0.395,-0.11,-0.69
2026-04-22 19:32:00,26.00,24.19,24.00,24.25,1.246,0.401,-0.24,-0.95
2026-04-22 19:32:01,26.00,24.22,24.00,24.25,1.266,0.394,-0.11,-0.95
2026-04-22 19:32:01,26.00,24.19,24.00,24.22,1.203,0.399,-0.11,-0.82
2026-04-22 19:32:02,26.00,24.22,24.00,24.25,1.081,0.172,-0.11,-0.95
2026-04-22 19:32:03,26.00,24.22,24.00,24.22,0.818,0.188,0.02,-0.82
2026-04-22 19:32:04,26.00,24.19,24.00,24.22,0.968,0.328,-0.11,-0.82
2026-04-22 19:32:04,26.00,24.19,24.00,24.22,1.125,0.355,-0.11,-0.82
2026-04-22 19:32:05,26.00,24.19,24.00,24.22,1.256,0.376,-0.11,-0.82
2026-04-22 19:32:06,26.00,24.22,24.04,24.22,1.279,0.385,0.02,-0.69
2026-04-22 19:32:07,26.00,24.22,24.04,24.22,1.214,0.396,0.02,-0.69
2026-04-22 19:32:08,26.00,24.22,24.00,24.25,0.890,0.175,-0.11,-0.95
2026-04-22 19:32:08,26.00,24.22,24.00,24.22,0.855,0.231,0.02,-0.82
2026-04-22 19:32:09,26.00,24.22,24.00,24.25,1.042,0.321,-0.11,-0.95
2026-04-22 19:32:10,26.00,24.19,24.00,24.25,1.140,0.357,-0.24,-0.95
2026-04-22 19:32:11,26.00,24.22,24.00,24.22,1.147,0.362,0.02,-0.82
2026-04-22 19:32:11,26.00,24.22,24.00,24.22,1.172,0.381,0.02,-0.82
2026-04-22 19:32:12,26.00,24.22,23.97,24.22,1.182,0.360,0.02,-0.95
2026-04-22 19:32:13,26.00,24.22,24.04,24.22,1.260,0.341,0.02,-0.69
2026-04-22 19:32:14,26.00,24.22,24.00,24.22,1.267,0.346,0.02,-0.82
2026-04-22 19:32:14,26.00,24.22,23.97,24.22,1.317,0.366,0.02,-0.95
2026-04-22 19:32:15,26.00,24.22,24.04,24.22,1.316,0.381,0.02,-0.69
2026-04-22 19:32:16,26.00,24.22,24.00,24.22,1.288,0.363,0.02,-0.82
2026-04-22 19:32:17,26.00,24.19,24.00,24.22,1.271,0.374,-0.11,-0.82
2026-04-22 19:32:17,26.00,24.19,23.97,24.18,1.254,0.363,0.02,-0.82
2026-04-22 19:32:18,26.00,24.19,24.00,24.22,1.292,0.378,-0.11,-0.82
2026-04-22 19:32:19,26.00,24.19,24.00,24.25,1.335,0.374,-0.24,-0.95
2026-04-22 19:32:20,26.00,24.22,24.04,24.22,1.389,0.389,0.02,-0.69
2026-04-22 19:32:21,26.00,24.19,24.00,24.22,1.361,0.403,-0.11,-0.82
2026-04-22 19:32:21,26.00,24.19,24.00,24.22,1.334,0.398,-0.11,-0.82
2026-04-22 19:32:22,26.00,24.19,24.00,24.22,1.268,0.274,-0.11,-0.82
2026-04-22 19:32:23,26.00,24.26,24.04,24.22,1.143,0.164,0.15,-0.69
2026-04-22 19:32:24,26.00,24.19,24.04,24.25,0.992,0.185,-0.24,-0.82
2026-04-22 19:32:24,26.00,24.19,24.04,24.22,0.944,0.178,-0.11,-0.69
2026-04-22 19:32:25,26.00,24.22,24.00,24.22,1.021,0.249,0.02,-0.82
2026-04-22 19:32:26,26.00,24.19,24.00,24.25,1.129,0.352,-0.24,-0.95
2026-04-22 19:32:27,26.00,24.19,24.04,24.22,1.182,0.394,-0.11,-0.69
2026-04-22 19:32:27,26.00,24.19,24.04,24.18,1.260,0.382,0.02,-0.56
2026-04-22 19:32:28,26.00,24.22,24.00,24.22,1.302,0.405,0.02,-0.82
2026-04-22 19:32:29,26.00,24.19,24.00,24.22,1.213,0.405,-0.11,-0.82
2026-04-22 19:32:30,26.00,24.26,24.00,24.22,1.289,0.394,0.15,-0.82
2026-04-22 19:32:30,26.00,24.19,24.00,24.18,1.246,0.330,0.02,-0.69
2026-04-22 19:32:31,26.00,24.22,24.04,24.18,1.203,0.179,0.15,-0.56
2026-04-22 19:32:32,26.00,24.19,24.00,24.22,1.017,0.168,-0.11,-0.82
2026-04-22 19:32:33,26.00,24.22,24.00,24.22,0.940,0.195,0.02,-0.82
2026-04-22 19:32:33,26.00,24.22,24.04,24.22,1.001,0.198,0.02,-0.69
2026-04-22 19:32:34,26.00,24.22,24.00,24.22,1.074,0.324,0.02,-0.82
2026-04-22 19:32:35,26.00,24.26,24.00,24.22,1.188,0.362,0.15,-0.82
2026-04-22 19:32:36,26.00,24.26,24.00,24.22,1.211,0.389,0.15,-0.82
2026-04-22 19:32:37,26.00,24.22,24.04,24.18,1.242,0.396,0.15,-0.56
2026-04-22 19:32:37,26.00,24.26,24.04,24.22,1.235,0.388,0.15,-0.69
2026-04-22 19:32:38,26.00,24.22,24.04,24.18,1.213,0.337,0.15,-0.56
2026-04-22 19:32:39,26.00,24.22,24.00,24.18,1.124,0.172,0.15,-0.69
2026-04-22 19:32:40,26.00,24.22,24.00,24.18,0.985,0.177,0.15,-0.69
2026-04-22 19:32:40,26.00,24.22,24.00,24.18,0.997,0.195,0.15,-0.69
2026-04-22 19:32:41,26.00,24.22,24.04,24.22,1.067,0.241,0.02,-0.69
2026-04-22 19:32:42,26.00,24.26,24.00,24.18,1.196,0.335,0.28,-0.69
2026-04-22 19:32:43,26.00,24.22,24.04,24.22,1.320,0.377,0.02,-0.69
2026-04-22 19:32:43,26.00,24.22,24.00,24.22,1.268,0.405,0.02,-0.82
2026-04-22 19:32:44,26.00,24.22,24.00,24.18,1.303,0.394,0.15,-0.69
2026-04-22 19:32:45,26.00,24.26,24.00,24.18,1.352,0.403,0.28,-0.69
2026-04-22 19:32:46,26.00,24.19,24.04,24.18,1.388,0.391,0.02,-0.56
2026-04-22 19:32:46,26.00,24.22,24.04,24.22,1.247,0.408,0.02,-0.69
2026-04-22 19:32:47,26.00,24.22,24.04,24.18,1.339,0.387,0.15,-0.56
2026-04-22 19:32:48,26.00,24.26,24.07,24.22,1.355,0.396,0.15,-0.56
2026-04-22 19:32:49,26.00,24.22,24.04,24.18,1.431,0.394,0.15,-0.56
2026-04-22 19:32:49,26.00,24.26,24.00,24.22,1.388,0.395,0.15,-0.82
2026-04-22 19:32:50,26.00,24.22,24.04,24.18,1.453,0.392,0.15,-0.56
2026-04-22 19:32:51,26.00,24.22,24.04,24.18,1.428,0.395,0.15,-0.56
2026-04-22 19:32:52,26.00,24.22,24.04,24.18,1.446,0.405,0.15,-0.56
2026-04-22 19:32:53,26.00,24.19,24.04,24.22,1.459,0.398,-0.11,-0.69
2026-04-22 19:32:53,26.00,24.22,24.04,24.18,1.338,0.406,0.15,-0.56
2026-04-22 19:32:54,26.00,24.19,24.00,24.18,1.352,0.228,0.02,-0.69
2026-04-22 19:32:55,26.00,24.22,24.04,24.18,1.239,0.188,0.15,-0.56
2026-04-22 19:32:56,26.00,24.26,24.04,24.18,1.083,0.186,0.28,-0.56
2026-04-22 19:32:56,26.00,24.26,24.00,24.18,1.136,0.199,0.28,-0.69
2026-04-22 19:32:57,26.00,24.22,24.00,24.15,1.058,0.220,0.28,-0.56
2026-04-22 19:32:58,26.00,24.26,24.04,24.18,1.147,0.238,0.28,-0.56
2026-04-22 19:32:59,26.00,24.22,24.04,24.15,1.170,0.295,0.28,-0.43
2026-04-22 19:32:59,26.00,24.29,24.04,24.18,1.195,0.317,0.41,-0.56
2026-04-22 19:33:00,26.00,24.26,24.07,24.18,1.259,0.363,0.28,-0.43
2026-04-22 19:33:01,26.00,24.26,24.00,24.15,1.275,0.360,0.41,-0.56
2026-04-22 19:33:02,26.00,24.26,24.04,24.18,1.288,0.371,0.28,-0.56
2026-04-22 19:33:02,26.00,24.26,24.04,24.15,1.356,0.364,0.41,-0.43
2026-04-22 19:33:03,26.00,24.22,24.04,24.18,1.268,0.384,0.15,-0.56
2026-04-22 19:33:04,26.00,24.26,24.04,24.18,1.313,0.373,0.28,-0.56
2026-04-22 19:33:05,26.00,24.22,24.07,24.18,1.363,0.370,0.15,-0.43
2026-04-22 19:33:05,26.00,24.22,24.04,24.15,1.373,0.366,0.28,-0.43
2026-04-22 19:33:06,26.00,24.22,24.04,24.18,1.405,0.374,0.15,-0.56
2026-04-22 19:33:07,26.00,24.22,24.04,24.15,1.430,0.391,0.28,-0.43
2026-04-22 19:33:08,26.00,24.26,24.00,24.15,1.413,0.401,0.41,-0.56
2026-04-22 19:33:09,26.00,24.22,24.04,24.18,1.366,0.370,0.15,-0.56
2026-04-22 19:33:09,26.00,24.26,24.04,24.18,1.380,0.371,0.28,-0.56
2026-04-22 19:33:10,26.00,24.26,24.04,24.18,1.310,0.203,0.28,-0.56
2026-04-22 19:33:11,26.00,24.22,24.04,24.15,1.117,0.175,0.28,-0.43
2026-04-22 19:33:12,26.00,24.26,24.04,24.18,1.107,0.196,0.28,-0.56
2026-04-22 19:33:12,26.00,24.26,24.07,24.15,1.133,0.235,0.41,-0.30
2026-04-22 19:33:13,26.00,24.26,24.04,24.15,1.086,0.282,0.41,-0.43
2026-04-22 19:33:14,26.00,24.26,24.04,24.15,1.170,0.317,0.41,-0.43
2026-04-22 19:33:15,26.00,24.29,24.04,24.15,1.274,0.335,0.54,-0.43
2026-04-22 19:33:15,26.00,24.29,24.07,24.15,1.288,0.363,0.54,-0.30
2026-04-22 19:33:16,26.00,24.22,24.04,24.18,1.229,0.387,0.15,-0.56
2026-04-22 19:33:17,26.00,24.26,24.04,24.18,1.242,0.376,0.28,-0.56
2026-04-22 19:33:18,26.00,24.26,24.04,24.15,1.278,0.371,0.41,-0.43
2026-04-22 19:33:18,26.00,24.26,24.00,24.15,1.403,0.384,0.41,-0.56
2026-04-22 19:33:19,26.00,24.22,24.04,24.18,1.405,0.396,0.15,-0.56
2026-04-22 19:33:20,26.00,24.22,24.04,24.15,1.388,0.391,0.28,-0.43
2026-04-22 19:33:21,26.00,24.26,24.04,24.15,1.366,0.408,0.41,-0.43
2026-04-22 19:33:22,26.00,24.26,24.04,24.18,0.950,0.182,0.28,-0.56
2026-04-22 19:33:22,26.00,24.26,24.04,24.15,0.805,0.178,0.41,-0.43
2026-04-22 19:33:23,26.00,24.26,24.00,24.15,0.697,0.221,0.41,-0.56
2026-04-22 19:33:24,26.00,24.26,24.04,24.15,0.645,0.241,0.41,-0.43
2026-04-22 19:33:25,26.00,24.22,24.04,24.18,0.623,0.245,0.15,-0.56
2026-04-22 19:33:25,26.00,24.22,24.04,24.15,0.612,0.253,0.28,-0.43
2026-04-22 19:33:26,26.00,24.26,24.04,24.18,0.605,0.256,0.28,-0.56
2026-04-22 19:33:27,26.00,24.22,24.04,24.15,0.599,0.259,0.28,-0.43
2026-04-22 19:33:28,26.00,24.26,24.04,24.15,0.598,0.250,0.41,-0.43
2026-04-22 19:33:28,26.00,24.26,24.04,24.15,0.597,0.249,0.41,-0.43
2026-04-22 19:33:29,26.00,24.26,24.04,24.18,0.591,0.252,0.28,-0.56
2026-04-22 19:33:30,26.00,24.26,24.04,24.15,0.586,0.250,0.41,-0.43
2026-04-22 19:33:31,26.00,24.26,24.07,24.18,0.581,0.249,0.28,-0.43
2026-04-22 19:33:31,26.00,24.26,24.04,24.18,0.580,0.243,0.28,-0.56
2026-04-22 19:33:32,26.00,24.26,24.04,24.18,0.576,0.245,0.28,-0.56
2026-04-22 19:33:33,26.00,24.22,24.04,24.18,0.569,0.250,0.15,-0.56
2026-04-22 19:33:34,26.00,24.26,24.07,24.15,0.566,0.250,0.41,-0.30
2026-04-22 19:33:34,26.00,24.29,24.07,24.18,0.563,0.248,0.41,-0.43
2026-04-22 19:33:35,26.00,24.26,24.04,24.15,0.559,0.249,0.41,-0.43
2026-04-22 19:33:36,26.00,24.26,24.04,24.18,0.555,0.250,0.28,-0.56
2026-04-22 19:33:37,26.00,24.26,24.04,24.15,0.549,0.252,0.41,-0.43
2026-04-22 19:33:37,26.00,24.22,24.07,24.15,0.547,0.255,0.28,-0.30
2026-04-22 19:33:38,26.00,24.26,24.04,24.15,0.544,0.260,0.41,-0.43
2026-04-22 19:33:39,26.00,24.22,24.04,24.15,0.540,0.257,0.28,-0.43
2026-04-22 19:33:40,26.00,24.26,24.04,24.12,0.535,0.259,0.54,-0.30
2026-04-22 19:33:41,26.00,24.22,24.04,24.15,0.534,0.260,0.28,-0.43
2026-04-22 19:33:41,26.00,24.22,24.04,24.18,0.533,0.261,0.15,-0.56
2026-04-22 19:33:42,26.00,24.26,24.07,24.18,0.528,0.263,0.28,-0.43
2026-04-22 19:33:43,26.00,24.26,24.04,24.18,0.524,0.263,0.28,-0.56
2026-04-22 19:33:44,26.00,24.22,24.04,24.15,0.523,0.259,0.28,-0.43
2026-04-22 19:33:44,25.75,24.26,24.07,24.18,0.522,0.260,0.28,-0.43
2026-04-22 19:33:45,26.00,24.22,24.04,24.18,0.519,0.257,0.15,-0.56
2026-04-22 19:33:46,26.00,24.22,24.00,24.18,0.515,0.256,0.15,-0.69
2026-04-22 19:33:47,26.00,24.22,24.04,24.15,0.512,0.257,0.28,-0.43
2026-04-22 19:33:47,26.00,24.22,24.04,24.15,0.510,0.257,0.28,-0.43
2026-04-22 19:33:48,26.00,24.22,24.04,24.18,0.509,0.259,0.15,-0.56
2026-04-22 19:33:49,26.00,24.26,24.04,24.15,0.508,0.256,0.41,-0.43
2026-04-22 19:33:50,26.00,24.26,24.04,24.18,0.503,0.259,0.28,-0.56
2026-04-22 19:33:50,26.00,24.26,24.04,24.15,0.505,0.257,0.41,-0.43
2026-04-22 19:33:51,26.00,24.22,24.04,24.15,0.502,0.259,0.28,-0.43
2026-04-22 19:33:52,26.00,24.22,24.04,24.18,0.497,0.257,0.15,-0.56
2026-04-22 19:33:53,26.00,24.22,24.04,24.18,0.497,0.257,0.15,-0.56
2026-04-22 19:33:53,26.00,24.22,24.04,24.15,0.498,0.257,0.28,-0.43
2026-04-22 19:33:54,26.00,24.22,24.07,24.15,0.495,0.259,0.28,-0.30
2026-04-22 19:33:55,26.00,24.26,24.04,24.18,0.497,0.263,0.28,-0.56
2026-04-22 19:33:56,26.00,24.22,24.04,24.18,0.494,0.263,0.15,-0.56
2026-04-22 19:33:57,26.00,24.22,24.04,24.18,0.492,0.261,0.15,-0.56
2026-04-22 19:33:57,26.00,24.22,24.04,24.18,0.490,0.263,0.15,-0.56
2026-04-22 19:33:58,26.00,24.22,24.04,24.18,0.487,0.263,0.15,-0.56
2026-04-22 19:33:59,25.75,24.22,24.04,24.15,0.487,0.263,0.28,-0.43
2026-04-22 19:34:00,26.00,24.22,24.04,24.18,0.487,0.263,0.15,-0.56
2026-04-22 19:34:00,26.00,24.22,24.04,24.18,0.485,0.263,0.15,-0.56
2026-04-22 19:34:01,26.00,24.22,24.04,24.18,0.480,0.266,0.15,-0.56
2026-04-22 19:34:02,26.00,24.19,24.00,24.15,0.480,0.266,0.15,-0.56
2026-04-22 19:34:03,26.00,24.22,24.04,24.18,0.481,0.267,0.15,-0.56
2026-04-22 19:34:03,26.00,24.22,24.04,24.18,0.478,0.266,0.15,-0.56
2026-04-22 19:34:04,26.00,24.22,24.07,24.18,0.474,0.267,0.15,-0.43
2026-04-22 19:34:05,26.00,24.22,24.07,24.18,0.476,0.267,0.15,-0.43
2026-04-22 19:34:06,26.00,24.22,24.04,24.18,0.476,0.266,0.15,-0.56
2026-04-22 19:34:06,26.00,24.22,24.04,24.18,0.476,0.266,0.15,-0.56
2026-04-22 19:34:07,26.00,24.19,24.04,24.18,0.470,0.266,0.02,-0.56
2026-04-22 19:34:08,26.00,24.19,24.07,24.15,0.467,0.268,0.15,-0.30
2026-04-22 19:34:09,25.75,24.22,24.04,24.18,0.469,0.270,0.15,-0.56
2026-04-22 19:34:09,26.00,24.22,24.04,24.18,0.470,0.270,0.15,-0.56
2026-04-22 19:34:10,26.00,24.19,24.07,24.15,0.466,0.271,0.15,-0.30
2026-04-22 19:34:11,26.00,24.19,24.07,24.18,0.465,0.270,0.02,-0.43
2026-04-22 19:34:12,26.00,24.19,24.04,24.18,0.466,0.270,0.02,-0.56
2026-04-22 19:34:13,26.00,24.22,24.04,24.18,0.467,0.267,0.15,-0.56
2026-04-22 19:34:13,26.00,24.22,24.04,24.18,0.462,0.268,0.15,-0.56
2026-04-22 19:34:14,26.00,24.22,24.04,24.18,0.463,0.268,0.15,-0.56
2026-04-22 19:34:15,26.00,24.22,24.04,24.18,0.463,0.271,0.15,-0.56
2026-04-22 19:34:16,26.00,24.19,24.04,24.18,0.463,0.271,0.02,-0.56
2026-04-22 19:34:16,26.00,24.19,24.04,24.18,0.460,0.271,0.02,-0.56
2026-04-22 19:34:17,26.00,24.19,24.04,24.18,0.459,0.271,0.02,-0.56
2026-04-22 19:34:18,26.00,24.22,24.04,24.18,0.462,0.273,0.15,-0.56
2026-04-22 19:34:19,26.00,24.19,24.04,24.18,0.462,0.273,0.02,-0.56
2026-04-22 19:34:19,26.00,24.19,24.07,24.18,0.458,0.273,0.02,-0.43
2026-04-22 19:34:20,26.00,24.19,24.07,24.22,0.458,0.273,-0.11,-0.56
2026-04-22 19:34:21,26.00,24.22,24.07,24.18,0.456,0.270,0.15,-0.43
2026-04-22 19:34:22,26.00,24.22,24.04,24.18,0.458,0.270,0.15,-0.56
2026-04-22 19:34:22,26.00,24.22,24.04,24.15,0.455,0.271,0.28,-0.43
